[{"model": "contenttypes.contenttype", "pk": 1, "fields": {"app_label": "admin", "model": "logentry"}}, {"model": "contenttypes.contenttype", "pk": 2, "fields": {"app_label": "auth", "model": "permission"}}, {"model": "contenttypes.contenttype", "pk": 3, "fields": {"app_label": "auth", "model": "group"}}, {"model": "contenttypes.contenttype", "pk": 4, "fields": {"app_label": "auth", "model": "user"}}, {"model": "contenttypes.contenttype", "pk": 5, "fields": {"app_label": "contenttypes", "model": "contenttype"}}, {"model": "contenttypes.contenttype", "pk": 6, "fields": {"app_label": "sessions", "model": "session"}}, {"model": "contenttypes.contenttype", "pk": 7, "fields": {"app_label": "blog", "model": "blog"}}, {"model": "contenttypes.contenttype", "pk": 8, "fields": {"app_label": "blog", "model": "blogtype"}}, {"model": "contenttypes.contenttype", "pk": 9, "fields": {"app_label": "blog", "model": "readnum"}}, {"model": "contenttypes.contenttype", "pk": 10, "fields": {"app_label": "read_statistics", "model": "readnum"}}, {"model": "contenttypes.contenttype", "pk": 11, "fields": {"app_label": "read_statistics", "model": "readdetail"}}, {"model": "contenttypes.contenttype", "pk": 12, "fields": {"app_label": "comment", "model": "comment"}}, {"model": "contenttypes.contenttype", "pk": 13, "fields": {"app_label": "likes", "model": "likerecord"}}, {"model": "contenttypes.contenttype", "pk": 14, "fields": {"app_label": "likes", "model": "likecount"}}, {"model": "contenttypes.contenttype", "pk": 15, "fields": {"app_label": "user", "model": "profile"}}, {"model": "sessions.session", "pk": "22q21d5fx8pgtqwhitoc9gvpzr0nokyn", "fields": {"session_data": "MjE5Yzk4MzE0Mzg0MWU1NTIxZDViMjEyNjFmZDE0NjcyMzI3ZWYwNzp7fQ==", "expire_date": "2020-07-10T23:57:54.951Z"}}, {"model": "sessions.session", "pk": "6ir5ux6z6zrand0uo7sz0lsk3a7df1kv", "fields": {"session_data": "OWViNDJhMWZmODc4Mzg4NDZiMjhmNjMwOTkyNGY3NTEzZmIyZWU5ODp7Il9hdXRoX3VzZXJfaWQiOiIxIiwiX2F1dGhfdXNlcl9iYWNrZW5kIjoiZGphbmdvLmNvbnRyaWIuYXV0aC5iYWNrZW5kcy5Nb2RlbEJhY2tlbmQiLCJfYXV0aF91c2VyX2hhc2giOiI5OWY2YTRmMDdiM2UwMjA5YTllMmQ5N2IyOTY0NjA1MTJjZGU1M2NlIn0=", "expire_date": "2020-06-29T15:46:41.921Z"}}, {"model": "sessions.session", "pk": "8tnyz35zazuj7rl1wazcp8nwqhuej4pl", "fields": {"session_data": "OWViNDJhMWZmODc4Mzg4NDZiMjhmNjMwOTkyNGY3NTEzZmIyZWU5ODp7Il9hdXRoX3VzZXJfaWQiOiIxIiwiX2F1dGhfdXNlcl9iYWNrZW5kIjoiZGphbmdvLmNvbnRyaWIuYXV0aC5iYWNrZW5kcy5Nb2RlbEJhY2tlbmQiLCJfYXV0aF91c2VyX2hhc2giOiI5OWY2YTRmMDdiM2UwMjA5YTllMmQ5N2IyOTY0NjA1MTJjZGU1M2NlIn0=", "expire_date": "2020-06-29T07:22:01.843Z"}}, {"model": "sessions.session", "pk": "aiosai3zjx7xzn9xts69db5fij51up5q", "fields": {"session_data": "Y2M3MDk3NmUzMDQ5NGJlYzliOTlmZDcwYjJlZDg2NGFhMjBiOTI4ODp7Il9hdXRoX3VzZXJfaWQiOiIxIiwiX2F1dGhfdXNlcl9iYWNrZW5kIjoiZGphbmdvLmNvbnRyaWIuYXV0aC5iYWNrZW5kcy5Nb2RlbEJhY2tlbmQiLCJfYXV0aF91c2VyX2hhc2giOiI5OWY2YTRmMDdiM2UwMjA5YTllMmQ5N2IyOTY0NjA1MTJjZGU1M2NlIiwic2VuZF9jb2RlX3RpbWUiOjE1OTM4NDA5Mzl9", "expire_date": "2020-07-18T05:36:26.293Z"}}, {"model": "sessions.session", "pk": "hvulknihbqhscxfof68lknd0qlj4vz2n", "fields": {"session_data": "MjE5Yzk4MzE0Mzg0MWU1NTIxZDViMjEyNjFmZDE0NjcyMzI3ZWYwNzp7fQ==", "expire_date": "2020-07-10T23:57:46.797Z"}}, {"model": "sessions.session", "pk": "uwjo5v3fcjwro4cqbrgk017jpxkcwvx2", "fields": {"session_data": "OWViNDJhMWZmODc4Mzg4NDZiMjhmNjMwOTkyNGY3NTEzZmIyZWU5ODp7Il9hdXRoX3VzZXJfaWQiOiIxIiwiX2F1dGhfdXNlcl9iYWNrZW5kIjoiZGphbmdvLmNvbnRyaWIuYXV0aC5iYWNrZW5kcy5Nb2RlbEJhY2tlbmQiLCJfYXV0aF91c2VyX2hhc2giOiI5OWY2YTRmMDdiM2UwMjA5YTllMmQ5N2IyOTY0NjA1MTJjZGU1M2NlIn0=", "expire_date": "2020-07-11T02:08:23.202Z"}}, {"model": "blog.blogtype", "pk": 4, "fields": {"type_name": "\u611f\u609f"}}, {"model": "blog.blogtype", "pk": 5, "fields": {"type_name": "\u5fc3\u5f97"}}, {"model": "blog.blogtype", "pk": 6, "fields": {"type_name": "\u4f53\u4f1a"}}, {"model": "read_statistics.readnum", "pk": 28, "fields": {"read_num": 10, "content_type": 7, "object_id": 39}}, {"model": "read_statistics.readnum", "pk": 29, "fields": {"read_num": 1, "content_type": 7, "object_id": 38}}, {"model": "read_statistics.readnum", "pk": 30, "fields": {"read_num": 1, "content_type": 7, "object_id": 37}}, {"model": "read_statistics.readdetail", "pk": 57, "fields": {"date": "2020-07-02", "read_num": 2, "content_type": 7, "object_id": 39}}, {"model": "read_statistics.readdetail", "pk": 58, "fields": {"date": "2020-07-02", "read_num": 1, "content_type": 7, "object_id": 38}}, {"model": "read_statistics.readdetail", "pk": 59, "fields": {"date": "2020-07-02", "read_num": 1, "content_type": 7, "object_id": 37}}, {"model": "read_statistics.readdetail", "pk": 60, "fields": {"date": "2020-07-03", "read_num": 2, "content_type": 7, "object_id": 39}}, {"model": "read_statistics.readdetail", "pk": 61, "fields": {"date": "2020-07-04", "read_num": 6, "content_type": 7, "object_id": 39}}, {"model": "likes.likecount", "pk": 1, "fields": {"content_type": 7, "object_id": 7, "liked_num": 1}}, {"model": "likes.likecount", "pk": 2, "fields": {"content_type": 7, "object_id": 36, "liked_num": 0}}, {"model": "likes.likecount", "pk": 3, "fields": {"content_type": 7, "object_id": 35, "liked_num": 0}}, {"model": "likes.likecount", "pk": 4, "fields": {"content_type": 7, "object_id": 34, "liked_num": 0}}, {"model": "likes.likecount", "pk": 5, "fields": {"content_type": 7, "object_id": 33, "liked_num": 0}}, {"model": "likes.likecount", "pk": 6, "fields": {"content_type": 7, "object_id": 32, "liked_num": 0}}, {"model": "likes.likecount", "pk": 7, "fields": {"content_type": 7, "object_id": 31, "liked_num": 1}}, {"model": "likes.likecount", "pk": 8, "fields": {"content_type": 7, "object_id": 30, "liked_num": 0}}, {"model": "likes.likecount", "pk": 9, "fields": {"content_type": 7, "object_id": 8, "liked_num": 0}}, {"model": "likes.likecount", "pk": 10, "fields": {"content_type": 7, "object_id": 6, "liked_num": 0}}, {"model": "likes.likecount", "pk": 11, "fields": {"content_type": 7, "object_id": 5, "liked_num": 0}}, {"model": "likes.likecount", "pk": 12, "fields": {"content_type": 7, "object_id": 4, "liked_num": 0}}, {"model": "likes.likecount", "pk": 13, "fields": {"content_type": 7, "object_id": 3, "liked_num": 0}}, {"model": "likes.likecount", "pk": 14, "fields": {"content_type": 7, "object_id": 15, "liked_num": 0}}, {"model": "likes.likecount", "pk": 15, "fields": {"content_type": 7, "object_id": 14, "liked_num": 0}}, {"model": "likes.likecount", "pk": 16, "fields": {"content_type": 7, "object_id": 13, "liked_num": 0}}, {"model": "likes.likecount", "pk": 17, "fields": {"content_type": 7, "object_id": 12, "liked_num": 0}}, {"model": "likes.likecount", "pk": 18, "fields": {"content_type": 7, "object_id": 11, "liked_num": 0}}, {"model": "likes.likecount", "pk": 19, "fields": {"content_type": 7, "object_id": 10, "liked_num": 0}}, {"model": "likes.likecount", "pk": 20, "fields": {"content_type": 7, "object_id": 9, "liked_num": 0}}, {"model": "likes.likecount", "pk": 21, "fields": {"content_type": 7, "object_id": 22, "liked_num": 0}}, {"model": "likes.likecount", "pk": 22, "fields": {"content_type": 7, "object_id": 21, "liked_num": 0}}, {"model": "likes.likecount", "pk": 23, "fields": {"content_type": 7, "object_id": 20, "liked_num": 0}}, {"model": "likes.likecount", "pk": 24, "fields": {"content_type": 7, "object_id": 19, "liked_num": 1}}, {"model": "likes.likecount", "pk": 25, "fields": {"content_type": 7, "object_id": 18, "liked_num": 0}}, {"model": "likes.likecount", "pk": 26, "fields": {"content_type": 7, "object_id": 17, "liked_num": 0}}, {"model": "likes.likecount", "pk": 27, "fields": {"content_type": 7, "object_id": 16, "liked_num": 0}}, {"model": "likes.likecount", "pk": 28, "fields": {"content_type": 7, "object_id": 29, "liked_num": 0}}, {"model": "likes.likecount", "pk": 29, "fields": {"content_type": 7, "object_id": 28, "liked_num": 0}}, {"model": "likes.likecount", "pk": 30, "fields": {"content_type": 7, "object_id": 27, "liked_num": 0}}, {"model": "likes.likecount", "pk": 31, "fields": {"content_type": 7, "object_id": 26, "liked_num": 0}}, {"model": "likes.likecount", "pk": 32, "fields": {"content_type": 7, "object_id": 25, "liked_num": 0}}, {"model": "likes.likecount", "pk": 33, "fields": {"content_type": 7, "object_id": 24, "liked_num": 0}}, {"model": "likes.likecount", "pk": 34, "fields": {"content_type": 7, "object_id": 23, "liked_num": 0}}, {"model": "likes.likecount", "pk": 35, "fields": {"content_type": 12, "object_id": 62, "liked_num": 0}}, {"model": "likes.likecount", "pk": 36, "fields": {"content_type": 12, "object_id": 61, "liked_num": 1}}, {"model": "likes.likecount", "pk": 37, "fields": {"content_type": 12, "object_id": 60, "liked_num": 0}}, {"model": "likes.likecount", "pk": 38, "fields": {"content_type": 12, "object_id": 63, "liked_num": 0}}, {"model": "likes.likecount", "pk": 39, "fields": {"content_type": 12, "object_id": 66, "liked_num": 0}}, {"model": "likes.likecount", "pk": 40, "fields": {"content_type": 12, "object_id": 67, "liked_num": 0}}, {"model": "likes.likecount", "pk": 41, "fields": {"content_type": 12, "object_id": 68, "liked_num": 0}}, {"model": "likes.likecount", "pk": 42, "fields": {"content_type": 12, "object_id": 59, "liked_num": 0}}, {"model": "likes.likecount", "pk": 43, "fields": {"content_type": 12, "object_id": 58, "liked_num": 0}}, {"model": "likes.likecount", "pk": 44, "fields": {"content_type": 12, "object_id": 57, "liked_num": 0}}, {"model": "likes.likecount", "pk": 45, "fields": {"content_type": 12, "object_id": 56, "liked_num": 0}}, {"model": "likes.likecount", "pk": 46, "fields": {"content_type": 12, "object_id": 55, "liked_num": 0}}, {"model": "likes.likecount", "pk": 47, "fields": {"content_type": 12, "object_id": 54, "liked_num": 0}}, {"model": "likes.likecount", "pk": 48, "fields": {"content_type": 12, "object_id": 51, "liked_num": 0}}, {"model": "likes.likecount", "pk": 49, "fields": {"content_type": 12, "object_id": 50, "liked_num": 0}}, {"model": "likes.likecount", "pk": 50, "fields": {"content_type": 12, "object_id": 65, "liked_num": 0}}, {"model": "likes.likecount", "pk": 51, "fields": {"content_type": 12, "object_id": 49, "liked_num": 0}}, {"model": "likes.likecount", "pk": 52, "fields": {"content_type": 12, "object_id": 48, "liked_num": 0}}, {"model": "likes.likecount", "pk": 53, "fields": {"content_type": 12, "object_id": 47, "liked_num": 0}}, {"model": "likes.likecount", "pk": 54, "fields": {"content_type": 12, "object_id": 46, "liked_num": 0}}, {"model": "likes.likecount", "pk": 55, "fields": {"content_type": 12, "object_id": 45, "liked_num": 0}}, {"model": "likes.likecount", "pk": 56, "fields": {"content_type": 12, "object_id": 44, "liked_num": 0}}, {"model": "likes.likecount", "pk": 57, "fields": {"content_type": 12, "object_id": 43, "liked_num": 0}}, {"model": "likes.likecount", "pk": 58, "fields": {"content_type": 12, "object_id": 42, "liked_num": 0}}, {"model": "likes.likecount", "pk": 59, "fields": {"content_type": 12, "object_id": 41, "liked_num": 0}}, {"model": "likes.likecount", "pk": 60, "fields": {"content_type": 12, "object_id": 40, "liked_num": 0}}, {"model": "likes.likecount", "pk": 61, "fields": {"content_type": 12, "object_id": 39, "liked_num": 0}}, {"model": "likes.likecount", "pk": 62, "fields": {"content_type": 12, "object_id": 38, "liked_num": 0}}, {"model": "likes.likecount", "pk": 63, "fields": {"content_type": 12, "object_id": 37, "liked_num": 0}}, {"model": "likes.likecount", "pk": 64, "fields": {"content_type": 12, "object_id": 36, "liked_num": 0}}, {"model": "likes.likecount", "pk": 65, "fields": {"content_type": 12, "object_id": 35, "liked_num": 0}}, {"model": "likes.likecount", "pk": 66, "fields": {"content_type": 12, "object_id": 34, "liked_num": 0}}, {"model": "likes.likecount", "pk": 67, "fields": {"content_type": 12, "object_id": 33, "liked_num": 0}}, {"model": "likes.likecount", "pk": 68, "fields": {"content_type": 12, "object_id": 32, "liked_num": 0}}, {"model": "likes.likecount", "pk": 69, "fields": {"content_type": 12, "object_id": 31, "liked_num": 0}}, {"model": "likes.likecount", "pk": 70, "fields": {"content_type": 12, "object_id": 30, "liked_num": 0}}, {"model": "likes.likecount", "pk": 71, "fields": {"content_type": 12, "object_id": 29, "liked_num": 0}}, {"model": "likes.likecount", "pk": 72, "fields": {"content_type": 12, "object_id": 28, "liked_num": 0}}, {"model": "likes.likecount", "pk": 73, "fields": {"content_type": 12, "object_id": 27, "liked_num": 0}}, {"model": "likes.likecount", "pk": 74, "fields": {"content_type": 12, "object_id": 26, "liked_num": 0}}, {"model": "likes.likecount", "pk": 75, "fields": {"content_type": 12, "object_id": 25, "liked_num": 0}}, {"model": "likes.likecount", "pk": 76, "fields": {"content_type": 12, "object_id": 24, "liked_num": 0}}, {"model": "likes.likecount", "pk": 77, "fields": {"content_type": 12, "object_id": 23, "liked_num": 0}}, {"model": "likes.likecount", "pk": 78, "fields": {"content_type": 12, "object_id": 22, "liked_num": 0}}, {"model": "likes.likecount", "pk": 79, "fields": {"content_type": 12, "object_id": 21, "liked_num": 0}}, {"model": "likes.likecount", "pk": 80, "fields": {"content_type": 12, "object_id": 20, "liked_num": 0}}, {"model": "likes.likecount", "pk": 81, "fields": {"content_type": 12, "object_id": 19, "liked_num": 0}}, {"model": "likes.likecount", "pk": 82, "fields": {"content_type": 12, "object_id": 18, "liked_num": 0}}, {"model": "likes.likecount", "pk": 83, "fields": {"content_type": 12, "object_id": 17, "liked_num": 0}}, {"model": "likes.likecount", "pk": 84, "fields": {"content_type": 12, "object_id": 16, "liked_num": 0}}, {"model": "likes.likecount", "pk": 85, "fields": {"content_type": 12, "object_id": 15, "liked_num": 0}}, {"model": "likes.likecount", "pk": 86, "fields": {"content_type": 12, "object_id": 14, "liked_num": 0}}, {"model": "likes.likecount", "pk": 87, "fields": {"content_type": 12, "object_id": 13, "liked_num": 0}}, {"model": "likes.likecount", "pk": 88, "fields": {"content_type": 12, "object_id": 12, "liked_num": 0}}, {"model": "likes.likecount", "pk": 89, "fields": {"content_type": 12, "object_id": 11, "liked_num": 0}}, {"model": "likes.likecount", "pk": 90, "fields": {"content_type": 12, "object_id": 10, "liked_num": 0}}, {"model": "likes.likecount", "pk": 91, "fields": {"content_type": 12, "object_id": 87, "liked_num": 0}}, {"model": "likes.likecount", "pk": 92, "fields": {"content_type": 12, "object_id": 88, "liked_num": 0}}, {"model": "likes.likecount", "pk": 93, "fields": {"content_type": 12, "object_id": 78, "liked_num": 0}}, {"model": "likes.likecount", "pk": 94, "fields": {"content_type": 12, "object_id": 79, "liked_num": 0}}, {"model": "likes.likecount", "pk": 95, "fields": {"content_type": 12, "object_id": 74, "liked_num": 0}}, {"model": "likes.likecount", "pk": 96, "fields": {"content_type": 12, "object_id": 75, "liked_num": 0}}, {"model": "likes.likecount", "pk": 97, "fields": {"content_type": 12, "object_id": 76, "liked_num": 0}}, {"model": "likes.likecount", "pk": 98, "fields": {"content_type": 12, "object_id": 77, "liked_num": 0}}, {"model": "likes.likecount", "pk": 99, "fields": {"content_type": 12, "object_id": 89, "liked_num": 0}}, {"model": "likes.likecount", "pk": 100, "fields": {"content_type": 12, "object_id": 90, "liked_num": 0}}, {"model": "likes.likecount", "pk": 101, "fields": {"content_type": 12, "object_id": 91, "liked_num": 0}}, {"model": "likes.likecount", "pk": 102, "fields": {"content_type": 12, "object_id": 92, "liked_num": 0}}, {"model": "likes.likecount", "pk": 103, "fields": {"content_type": 12, "object_id": 94, "liked_num": 1}}, {"model": "likes.likecount", "pk": 104, "fields": {"content_type": 7, "object_id": 39, "liked_num": 2}}, {"model": "likes.likecount", "pk": 105, "fields": {"content_type": 7, "object_id": 38, "liked_num": 1}}, {"model": "likes.likecount", "pk": 106, "fields": {"content_type": 7, "object_id": 37, "liked_num": 1}}, {"model": "likes.likecount", "pk": 107, "fields": {"content_type": 12, "object_id": 95, "liked_num": 2}}, {"model": "likes.likecount", "pk": 108, "fields": {"content_type": 12, "object_id": 96, "liked_num": 2}}, {"model": "likes.likecount", "pk": 109, "fields": {"content_type": 12, "object_id": 97, "liked_num": 1}}, {"model": "likes.likecount", "pk": 110, "fields": {"content_type": 12, "object_id": 98, "liked_num": 1}}, {"model": "likes.likecount", "pk": 111, "fields": {"content_type": 12, "object_id": 99, "liked_num": 1}}, {"model": "likes.likecount", "pk": 112, "fields": {"content_type": 12, "object_id": 100, "liked_num": 1}}, {"model": "likes.likecount", "pk": 113, "fields": {"content_type": 12, "object_id": 102, "liked_num": 2}}, {"model": "likes.likecount", "pk": 114, "fields": {"content_type": 12, "object_id": 103, "liked_num": 1}}, {"model": "likes.likecount", "pk": 115, "fields": {"content_type": 12, "object_id": 104, "liked_num": 1}}, {"model": "likes.likecount", "pk": 116, "fields": {"content_type": 12, "object_id": 105, "liked_num": 0}}, {"model": "likes.likecount", "pk": 117, "fields": {"content_type": 12, "object_id": 106, "liked_num": 0}}, {"model": "likes.likecount", "pk": 118, "fields": {"content_type": 12, "object_id": 107, "liked_num": 0}}, {"model": "likes.likecount", "pk": 119, "fields": {"content_type": 12, "object_id": 108, "liked_num": 0}}, {"model": "likes.likecount", "pk": 120, "fields": {"content_type": 12, "object_id": 109, "liked_num": 1}}, {"model": "likes.likecount", "pk": 121, "fields": {"content_type": 12, "object_id": 110, "liked_num": 1}}, {"model": "likes.likecount", "pk": 122, "fields": {"content_type": 12, "object_id": 111, "liked_num": 0}}, {"model": "likes.likecount", "pk": 123, "fields": {"content_type": 12, "object_id": 112, "liked_num": 1}}, {"model": "likes.likecount", "pk": 124, "fields": {"content_type": 12, "object_id": 113, "liked_num": 1}}, {"model": "likes.likecount", "pk": 125, "fields": {"content_type": 12, "object_id": 114, "liked_num": 1}}, {"model": "auth.permission", "pk": 1, "fields": {"name": "Can add log entry", "content_type": 1, "codename": "add_logentry"}}, {"model": "auth.permission", "pk": 2, "fields": {"name": "Can change log entry", "content_type": 1, "codename": "change_logentry"}}, {"model": "auth.permission", "pk": 3, "fields": {"name": "Can delete log entry", "content_type": 1, "codename": "delete_logentry"}}, {"model": "auth.permission", "pk": 4, "fields": {"name": "Can view log entry", "content_type": 1, "codename": "view_logentry"}}, {"model": "auth.permission", "pk": 5, "fields": {"name": "Can add permission", "content_type": 2, "codename": "add_permission"}}, {"model": "auth.permission", "pk": 6, "fields": {"name": "Can change permission", "content_type": 2, "codename": "change_permission"}}, {"model": "auth.permission", "pk": 7, "fields": {"name": "Can delete permission", "content_type": 2, "codename": "delete_permission"}}, {"model": "auth.permission", "pk": 8, "fields": {"name": "Can view permission", "content_type": 2, "codename": "view_permission"}}, {"model": "auth.permission", "pk": 9, "fields": {"name": "Can add group", "content_type": 3, "codename": "add_group"}}, {"model": "auth.permission", "pk": 10, "fields": {"name": "Can change group", "content_type": 3, "codename": "change_group"}}, {"model": "auth.permission", "pk": 11, "fields": {"name": "Can delete group", "content_type": 3, "codename": "delete_group"}}, {"model": "auth.permission", "pk": 12, "fields": {"name": "Can view group", "content_type": 3, "codename": "view_group"}}, {"model": "auth.permission", "pk": 13, "fields": {"name": "Can add user", "content_type": 4, "codename": "add_user"}}, {"model": "auth.permission", "pk": 14, "fields": {"name": "Can change user", "content_type": 4, "codename": "change_user"}}, {"model": "auth.permission", "pk": 15, "fields": {"name": "Can delete user", "content_type": 4, "codename": "delete_user"}}, {"model": "auth.permission", "pk": 16, "fields": {"name": "Can view user", "content_type": 4, "codename": "view_user"}}, {"model": "auth.permission", "pk": 17, "fields": {"name": "Can add content type", "content_type": 5, "codename": "add_contenttype"}}, {"model": "auth.permission", "pk": 18, "fields": {"name": "Can change content type", "content_type": 5, "codename": "change_contenttype"}}, {"model": "auth.permission", "pk": 19, "fields": {"name": "Can delete content type", "content_type": 5, "codename": "delete_contenttype"}}, {"model": "auth.permission", "pk": 20, "fields": {"name": "Can view content type", "content_type": 5, "codename": "view_contenttype"}}, {"model": "auth.permission", "pk": 21, "fields": {"name": "Can add session", "content_type": 6, "codename": "add_session"}}, {"model": "auth.permission", "pk": 22, "fields": {"name": "Can change session", "content_type": 6, "codename": "change_session"}}, {"model": "auth.permission", "pk": 23, "fields": {"name": "Can delete session", "content_type": 6, "codename": "delete_session"}}, {"model": "auth.permission", "pk": 24, "fields": {"name": "Can view session", "content_type": 6, "codename": "view_session"}}, {"model": "auth.permission", "pk": 25, "fields": {"name": "Can add blog", "content_type": 7, "codename": "add_blog"}}, {"model": "auth.permission", "pk": 26, "fields": {"name": "Can change blog", "content_type": 7, "codename": "change_blog"}}, {"model": "auth.permission", "pk": 27, "fields": {"name": "Can delete blog", "content_type": 7, "codename": "delete_blog"}}, {"model": "auth.permission", "pk": 28, "fields": {"name": "Can view blog", "content_type": 7, "codename": "view_blog"}}, {"model": "auth.permission", "pk": 29, "fields": {"name": "Can add blog type", "content_type": 8, "codename": "add_blogtype"}}, {"model": "auth.permission", "pk": 30, "fields": {"name": "Can change blog type", "content_type": 8, "codename": "change_blogtype"}}, {"model": "auth.permission", "pk": 31, "fields": {"name": "Can delete blog type", "content_type": 8, "codename": "delete_blogtype"}}, {"model": "auth.permission", "pk": 32, "fields": {"name": "Can view blog type", "content_type": 8, "codename": "view_blogtype"}}, {"model": "auth.permission", "pk": 33, "fields": {"name": "Can add read num", "content_type": 9, "codename": "add_readnum"}}, {"model": "auth.permission", "pk": 34, "fields": {"name": "Can change read num", "content_type": 9, "codename": "change_readnum"}}, {"model": "auth.permission", "pk": 35, "fields": {"name": "Can delete read num", "content_type": 9, "codename": "delete_readnum"}}, {"model": "auth.permission", "pk": 36, "fields": {"name": "Can view read num", "content_type": 9, "codename": "view_readnum"}}, {"model": "auth.permission", "pk": 37, "fields": {"name": "Can add read num", "content_type": 10, "codename": "add_readnum"}}, {"model": "auth.permission", "pk": 38, "fields": {"name": "Can change read num", "content_type": 10, "codename": "change_readnum"}}, {"model": "auth.permission", "pk": 39, "fields": {"name": "Can delete read num", "content_type": 10, "codename": "delete_readnum"}}, {"model": "auth.permission", "pk": 40, "fields": {"name": "Can view read num", "content_type": 10, "codename": "view_readnum"}}, {"model": "auth.permission", "pk": 41, "fields": {"name": "Can add read detail", "content_type": 11, "codename": "add_readdetail"}}, {"model": "auth.permission", "pk": 42, "fields": {"name": "Can change read detail", "content_type": 11, "codename": "change_readdetail"}}, {"model": "auth.permission", "pk": 43, "fields": {"name": "Can delete read detail", "content_type": 11, "codename": "delete_readdetail"}}, {"model": "auth.permission", "pk": 44, "fields": {"name": "Can view read detail", "content_type": 11, "codename": "view_readdetail"}}, {"model": "auth.permission", "pk": 45, "fields": {"name": "Can add comment", "content_type": 12, "codename": "add_comment"}}, {"model": "auth.permission", "pk": 46, "fields": {"name": "Can change comment", "content_type": 12, "codename": "change_comment"}}, {"model": "auth.permission", "pk": 47, "fields": {"name": "Can delete comment", "content_type": 12, "codename": "delete_comment"}}, {"model": "auth.permission", "pk": 48, "fields": {"name": "Can view comment", "content_type": 12, "codename": "view_comment"}}, {"model": "auth.permission", "pk": 49, "fields": {"name": "Can add like record", "content_type": 13, "codename": "add_likerecord"}}, {"model": "auth.permission", "pk": 50, "fields": {"name": "Can change like record", "content_type": 13, "codename": "change_likerecord"}}, {"model": "auth.permission", "pk": 51, "fields": {"name": "Can delete like record", "content_type": 13, "codename": "delete_likerecord"}}, {"model": "auth.permission", "pk": 52, "fields": {"name": "Can view like record", "content_type": 13, "codename": "view_likerecord"}}, {"model": "auth.permission", "pk": 53, "fields": {"name": "Can add like count", "content_type": 14, "codename": "add_likecount"}}, {"model": "auth.permission", "pk": 54, "fields": {"name": "Can change like count", "content_type": 14, "codename": "change_likecount"}}, {"model": "auth.permission", "pk": 55, "fields": {"name": "Can delete like count", "content_type": 14, "codename": "delete_likecount"}}, {"model": "auth.permission", "pk": 56, "fields": {"name": "Can view like count", "content_type": 14, "codename": "view_likecount"}}, {"model": "auth.permission", "pk": 57, "fields": {"name": "Can add profile", "content_type": 15, "codename": "add_profile"}}, {"model": "auth.permission", "pk": 58, "fields": {"name": "Can change profile", "content_type": 15, "codename": "change_profile"}}, {"model": "auth.permission", "pk": 59, "fields": {"name": "Can delete profile", "content_type": 15, "codename": "delete_profile"}}, {"model": "auth.permission", "pk": 60, "fields": {"name": "Can view profile", "content_type": 15, "codename": "view_profile"}}, {"model": "auth.user", "pk": 1, "fields": {"password": "pbkdf2_sha256$150000$JuQ6NOlurfbG$u4R+XN9dU+oF/OaPmm/ghM0QOZ29ajR0wQ3RckpY7iA=", "last_login": "2020-07-04T05:35:29.788Z", "is_superuser": true, "username": "chentao", "first_name": "", "last_name": "", "email": "1078352478@qq.com", "is_staff": true, "is_active": true, "date_joined": "2020-06-15T07:13:00Z", "groups": [], "user_permissions": []}}, {"model": "auth.user", "pk": 2, "fields": {"password": "pbkdf2_sha256$150000$PUwmhyTc90rL$tPuXEwIOYs8djrBXAv4jPA0pxq18Jwb4ao0aCnoSDLg=", "last_login": "2020-07-03T04:58:34.966Z", "is_superuser": false, "username": "taotao", "first_name": "", "last_name": "", "email": "1@qq.com", "is_staff": false, "is_active": true, "date_joined": "2020-06-27T01:44:05.181Z", "groups": [], "user_permissions": []}}, {"model": "auth.user", "pk": 3, "fields": {"password": "pbkdf2_sha256$150000$UPOII1XSz2wI$xcbQ6UMIn+7Lh50Siaq3m0pynBayBGVW4s+hAJq0Mic=", "last_login": "2020-07-04T04:55:00Z", "is_superuser": false, "username": "taozai", "first_name": "", "last_name": "", "email": "", "is_staff": false, "is_active": true, "date_joined": "2020-07-03T13:18:00Z", "groups": [], "user_permissions": []}}, {"model": "blog.blog", "pk": 37, "fields": {"title": "\u8bfb\u540e\u611f", "blog_type": 4, "content": "<p>\u6211\u5927\u554a\u6211\u963f\u8fbe\u963f\u8fbe\u554a\u6211\u5927\u554a\u6211\u963f\u8fbe\u963f\u8fbe\u554a\u6211\u5927\u554a\u6211\u963f\u8fbe\u963f\u8fbe\u554a\u6211\u5927\u554a\u6211\u963f\u8fbe\u963f\u8fbe\u554a\u6211\u5927\u554a\u6211\u963f\u8fbe\u963f\u8fbe\u554a\u6211\u5927\u554a\u6211\u963f\u8fbe\u963f\u8fbe\u554a\u6211\u5927\u554a\u6211\u963f\u8fbe\u963f\u8fbe\u554a\u6211\u5927\u554a\u6211\u963f\u8fbe\u963f\u8fbe\u554a\u6211\u5927\u554a\u6211\u963f\u8fbe\u963f\u8fbe\u554a\u6211\u5927\u554a\u6211\u963f\u8fbe\u963f\u8fbe\u554a\u6211\u5927\u554a\u6211\u963f\u8fbe\u963f\u8fbe\u554a\u6211\u5927\u554a\u6211\u963f\u8fbe\u963f\u8fbe\u554a\u6211\u5927\u554a\u6211\u963f\u8fbe\u963f\u8fbe\u554a\u6211\u5927\u554a\u6211\u963f\u8fbe\u963f\u8fbe\u554a\u6211\u5927\u554a\u6211\u963f\u8fbe\u963f\u8fbe\u554a\u6211\u5927\u554a\u6211\u963f\u8fbe\u963f\u8fbe\u554a\u6211\u5927\u554a\u6211\u963f\u8fbe\u963f\u8fbe\u554a\u6211\u5927\u554a\u6211\u963f\u8fbe\u963f\u8fbe\u554a\u6211\u5927\u554a\u6211\u963f\u8fbe\u963f\u8fbe\u554a\u6211\u5927\u554a\u6211\u963f\u8fbe\u963f\u8fbe\u554a\u6211\u5927\u554a\u6211\u963f\u8fbe\u963f\u8fbe\u554a\u6211\u5927\u554a\u6211\u963f\u8fbe\u963f\u8fbe\u554a\u6211\u5927\u554a\u6211\u963f\u8fbe\u963f\u8fbe\u554a\u6211\u5927\u554a\u6211\u963f\u8fbe\u963f\u8fbe\u554a\u6211\u5927\u554a\u6211\u963f\u8fbe\u963f\u8fbe\u554a\u6211\u5927\u554a\u6211\u963f\u8fbe\u963f\u8fbe\u554a\u6211\u5927\u554a\u6211\u963f\u8fbe\u963f\u8fbe\u554a\u6211\u5927\u554a\u6211\u963f\u8fbe\u963f\u8fbe\u554a\u6211\u5927\u554a\u6211\u963f\u8fbe\u963f\u8fbe\u554a\u6211\u5927\u554a\u6211\u963f\u8fbe\u963f\u8fbe\u554a\u6211\u5927\u554a\u6211\u963f\u8fbe\u963f\u8fbe\u554a\u6211\u5927\u554a\u6211\u963f\u8fbe\u963f\u8fbe\u554a\u6211\u5927\u554a\u6211\u963f\u8fbe\u963f\u8fbe\u554a\u6211\u5927\u554a\u6211\u963f\u8fbe\u963f\u8fbe\u554a\u6211\u5927\u554a\u6211\u963f\u8fbe\u963f\u8fbe\u554a\u6211\u5927\u554a\u6211\u963f\u8fbe\u963f\u8fbe\u554a\u6211\u5927\u554a\u6211\u963f\u8fbe\u963f\u8fbe\u554a\u6211\u5927\u554a\u6211\u963f\u8fbe\u963f\u8fbe\u554a\u6211\u5927\u554a\u6211\u963f\u8fbe\u963f\u8fbe\u554a\u6211\u5927\u554a\u6211\u963f\u8fbe\u963f\u8fbe\u554a\u6211\u5927\u554a\u6211\u963f\u8fbe\u963f\u8fbe\u554a\u6211\u5927\u554a\u6211\u963f\u8fbe\u963f\u8fbe\u554a\u6211\u5927\u554a\u6211\u963f\u8fbe\u963f\u8fbe\u554a\u6211\u5927\u554a\u6211\u963f\u8fbe\u963f\u8fbe\u554a\u6211\u5927\u554a\u6211\u963f\u8fbe\u963f\u8fbe\u554a\u6211\u5927\u554a\u6211\u963f\u8fbe\u963f\u8fbe\u554a\u6211\u5927\u554a\u6211\u963f\u8fbe\u963f\u8fbe\u554a\u6211\u5927\u554a\u6211\u963f\u8fbe\u963f\u8fbe\u554a\u6211\u5927\u554a\u6211\u963f\u8fbe\u963f\u8fbe\u554a\u6211\u5927\u554a\u6211\u963f\u8fbe\u963f\u8fbe\u554a\u6211\u5927\u554a\u6211\u963f\u8fbe\u963f\u8fbe\u554a\u6211\u5927\u554a\u6211\u963f\u8fbe\u963f\u8fbe\u554a\u6211\u5927\u554a\u6211\u963f\u8fbe\u963f\u8fbe\u554a\u6211\u5927\u554a\u6211\u963f\u8fbe\u963f\u8fbe\u554a\u6211\u5927\u554a\u6211\u963f\u8fbe\u963f\u8fbe\u554a\u6211\u5927\u554a\u6211\u963f\u8fbe\u963f\u8fbe\u554a\u6211\u5927\u554a\u6211\u963f\u8fbe\u963f\u8fbe\u554a\u6211\u5927\u554a\u6211\u963f\u8fbe\u963f\u8fbe\u554a\u6211\u5927\u554a\u6211\u963f\u8fbe\u963f\u8fbe\u554a\u6211\u5927\u554a\u6211\u963f\u8fbe\u963f\u8fbe\u554a\u6211\u5927\u554a\u6211\u963f\u8fbe\u963f\u8fbe\u554a\u6211\u5927\u554a\u6211\u963f\u8fbe\u963f\u8fbe\u554a\u6211\u5927\u554a\u6211\u963f\u8fbe\u963f\u8fbe\u554a\u6211\u5927\u554a\u6211\u963f\u8fbe\u963f\u8fbe\u554a\u6211\u5927\u554a\u6211\u963f\u8fbe\u963f\u8fbe\u554a\u6211\u5927\u554a\u6211\u963f\u8fbe\u963f\u8fbe\u554a\u6211\u5927\u554a\u6211\u963f\u8fbe\u963f\u8fbe\u554a\u6211\u5927\u554a\u6211\u963f\u8fbe\u963f\u8fbe\u554a\u6211\u5927\u554a\u6211\u963f\u8fbe\u963f\u8fbe\u554a\u6211\u5927\u554a\u6211\u963f\u8fbe\u963f\u8fbe\u554a\u6211\u5927\u554a\u6211\u963f\u8fbe\u963f\u8fbe\u554a\u6211\u5927\u554a\u6211\u963f\u8fbe\u963f\u8fbe\u554a\u6211\u5927\u554a\u6211\u963f\u8fbe\u963f\u8fbe\u554a\u6211\u5927\u554a\u6211\u963f\u8fbe\u963f\u8fbe\u554a\u6211\u5927\u554a\u6211\u963f\u8fbe\u963f\u8fbe\u554a\u6211\u5927\u554a\u6211\u963f\u8fbe\u963f\u8fbe\u554a\u6211\u5927\u554a\u6211\u963f\u8fbe\u963f\u8fbe\u554a\u6211\u5927\u554a\u6211\u963f\u8fbe\u963f\u8fbe\u554a\u6211\u5927\u554a\u6211\u963f\u8fbe\u963f\u8fbe\u554a\u6211\u5927\u554a\u6211\u963f\u8fbe\u963f\u8fbe\u554a\u6211\u5927\u554a\u6211\u963f\u8fbe\u963f\u8fbe\u554a\u6211\u5927\u554a\u6211\u963f\u8fbe\u963f\u8fbe\u554a\u6211\u5927\u554a\u6211\u963f\u8fbe\u963f\u8fbe\u554a\u6211\u5927\u554a\u6211\u963f\u8fbe\u963f\u8fbe\u554a</p>", "author": 1, "created_time": "2020-07-02T12:49:08.327Z", "last_updated_time": "2020-07-02T12:49:08.327Z"}}, {"model": "blog.blog", "pk": 38, "fields": {"title": "\u8bfb\u4e66\u5fc3\u5f97", "blog_type": 5, "content": "<p>\u963f\u8fbe\u8428\u8fbe\u963f\u74e6\u8fbe\u963f\u8fbe\u7684\u554a\u554a\u963f\u8fbe\u8428\u8fbe\u963f\u74e6\u8fbe\u963f\u8fbe\u7684\u554a\u554a\u963f\u8fbe\u8428\u8fbe\u963f\u74e6\u8fbe\u963f\u8fbe\u7684\u554a\u554a\u963f\u8fbe\u8428\u8fbe\u963f\u74e6\u8fbe\u963f\u8fbe\u7684\u554a\u554a\u963f\u8fbe\u8428\u8fbe\u963f\u74e6\u8fbe\u963f\u8fbe\u7684\u554a\u554a\u963f\u8fbe\u8428\u8fbe\u963f\u74e6\u8fbe\u963f\u8fbe\u7684\u554a\u554a\u963f\u8fbe\u8428\u8fbe\u963f\u74e6\u8fbe\u963f\u8fbe\u7684\u554a\u554a\u963f\u8fbe\u8428\u8fbe\u963f\u74e6\u8fbe\u963f\u8fbe\u7684\u554a\u554a\u963f\u8fbe\u8428\u8fbe\u963f\u74e6\u8fbe\u963f\u8fbe\u7684\u554a\u554a\u963f\u8fbe\u8428\u8fbe\u963f\u74e6\u8fbe\u963f\u8fbe\u7684\u554a\u554a\u963f\u8fbe\u8428\u8fbe\u963f\u74e6\u8fbe\u963f\u8fbe\u7684\u554a\u554a\u963f\u8fbe\u8428\u8fbe\u963f\u74e6\u8fbe\u963f\u8fbe\u7684\u554a\u554a\u963f\u8fbe\u8428\u8fbe\u963f\u74e6\u8fbe\u963f\u8fbe\u7684\u554a\u554a\u963f\u8fbe\u8428\u8fbe\u963f\u74e6\u8fbe\u963f\u8fbe\u7684\u554a\u554a\u963f\u8fbe\u8428\u8fbe\u963f\u74e6\u8fbe\u963f\u8fbe\u7684\u554a\u554a\u963f\u8fbe\u8428\u8fbe\u963f\u74e6\u8fbe\u963f\u8fbe\u7684\u554a\u554a\u963f\u8fbe\u8428\u8fbe\u963f\u74e6\u8fbe\u963f\u8fbe\u7684\u554a\u554a\u963f\u8fbe\u8428\u8fbe\u963f\u74e6\u8fbe\u963f\u8fbe\u7684\u554a\u554a\u963f\u8fbe\u8428\u8fbe\u963f\u74e6\u8fbe\u963f\u8fbe\u7684\u554a\u554a\u963f\u8fbe\u8428\u8fbe\u963f\u74e6\u8fbe\u963f\u8fbe\u7684\u554a\u554a\u963f\u8fbe\u8428\u8fbe\u963f\u74e6\u8fbe\u963f\u8fbe\u7684\u554a\u554a\u963f\u8fbe\u8428\u8fbe\u963f\u74e6\u8fbe\u963f\u8fbe\u7684\u554a\u554a\u963f\u8fbe\u8428\u8fbe\u963f\u74e6\u8fbe\u963f\u8fbe\u7684\u554a\u554a\u963f\u8fbe\u8428\u8fbe\u963f\u74e6\u8fbe\u963f\u8fbe\u7684\u554a\u554a\u963f\u8fbe\u8428\u8fbe\u963f\u74e6\u8fbe\u963f\u8fbe\u7684\u554a\u554a\u963f\u8fbe\u8428\u8fbe\u963f\u74e6\u8fbe\u963f\u8fbe\u7684\u554a\u554a\u963f\u8fbe\u8428\u8fbe\u963f\u74e6\u8fbe\u963f\u8fbe\u7684\u554a\u554a\u963f\u8fbe\u8428\u8fbe\u963f\u74e6\u8fbe\u963f\u8fbe\u7684\u554a\u554a\u963f\u8fbe\u8428\u8fbe\u963f\u74e6\u8fbe\u963f\u8fbe\u7684\u554a\u554a\u963f\u8fbe\u8428\u8fbe\u963f\u74e6\u8fbe\u963f\u8fbe\u7684\u554a\u554a\u963f\u8fbe\u8428\u8fbe\u963f\u74e6\u8fbe\u963f\u8fbe\u7684\u554a\u554a\u963f\u8fbe\u8428\u8fbe\u963f\u74e6\u8fbe\u963f\u8fbe\u7684\u554a\u554a\u963f\u8fbe\u8428\u8fbe\u963f\u74e6\u8fbe\u963f\u8fbe\u7684\u554a\u554a\u963f\u8fbe\u8428\u8fbe\u963f\u74e6\u8fbe\u963f\u8fbe\u7684\u554a\u554a\u963f\u8fbe\u8428\u8fbe\u963f\u74e6\u8fbe\u963f\u8fbe\u7684\u554a\u554a\u963f\u8fbe\u8428\u8fbe\u963f\u74e6\u8fbe\u963f\u8fbe\u7684\u554a\u554a\u963f\u8fbe\u8428\u8fbe\u963f\u74e6\u8fbe\u963f\u8fbe\u7684\u554a\u554a\u963f\u8fbe\u8428\u8fbe\u963f\u74e6\u8fbe\u963f\u8fbe\u7684\u554a\u554a\u963f\u8fbe\u8428\u8fbe\u963f\u74e6\u8fbe\u963f\u8fbe\u7684\u554a\u554a\u963f\u8fbe\u8428\u8fbe\u963f\u74e6\u8fbe\u963f\u8fbe\u7684\u554a\u554a\u963f\u8fbe\u8428\u8fbe\u963f\u74e6\u8fbe\u963f\u8fbe\u7684\u554a\u554a\u963f\u8fbe\u8428\u8fbe\u963f\u74e6\u8fbe\u963f\u8fbe\u7684\u554a\u554a\u963f\u8fbe\u8428\u8fbe\u963f\u74e6\u8fbe\u963f\u8fbe\u7684\u554a\u554a\u963f\u8fbe\u8428\u8fbe\u963f\u74e6\u8fbe\u963f\u8fbe\u7684\u554a\u554a\u963f\u8fbe\u8428\u8fbe\u963f\u74e6\u8fbe\u963f\u8fbe\u7684\u554a\u554a\u963f\u8fbe\u8428\u8fbe\u963f\u74e6\u8fbe\u963f\u8fbe\u7684\u554a\u554a\u963f\u8fbe\u8428\u8fbe\u963f\u74e6\u8fbe\u963f\u8fbe\u7684\u554a\u554a\u963f\u8fbe\u8428\u8fbe\u963f\u74e6\u8fbe\u963f\u8fbe\u7684\u554a\u554a\u963f\u8fbe\u8428\u8fbe\u963f\u74e6\u8fbe\u963f\u8fbe\u7684\u554a\u554a\u963f\u8fbe\u8428\u8fbe\u963f\u74e6\u8fbe\u963f\u8fbe\u7684\u554a\u554a\u963f\u8fbe\u8428\u8fbe\u963f\u74e6\u8fbe\u963f\u8fbe\u7684\u554a\u554a\u963f\u8fbe\u8428\u8fbe\u963f\u74e6\u8fbe\u963f\u8fbe\u7684\u554a\u554a\u963f\u8fbe\u8428\u8fbe\u963f\u74e6\u8fbe\u963f\u8fbe\u7684\u554a\u554a\u963f\u8fbe\u8428\u8fbe\u963f\u74e6\u8fbe\u963f\u8fbe\u7684\u554a\u554a\u963f\u8fbe\u8428\u8fbe\u963f\u74e6\u8fbe\u963f\u8fbe\u7684\u554a\u554a\u963f\u8fbe\u8428\u8fbe\u963f\u74e6\u8fbe\u963f\u8fbe\u7684\u554a\u554a\u963f\u8fbe\u8428\u8fbe\u963f\u74e6\u8fbe\u963f\u8fbe\u7684\u554a\u554a\u963f\u8fbe\u8428\u8fbe\u963f\u74e6\u8fbe\u963f\u8fbe\u7684\u554a\u554a\u963f\u8fbe\u8428\u8fbe\u963f\u74e6\u8fbe\u963f\u8fbe\u7684\u554a\u554a\u963f\u8fbe\u8428\u8fbe\u963f\u74e6\u8fbe\u963f\u8fbe\u7684\u554a\u554a\u963f\u8fbe\u8428\u8fbe\u963f\u74e6\u8fbe\u963f\u8fbe\u7684\u554a\u554a\u963f\u8fbe\u8428\u8fbe\u963f\u74e6\u8fbe\u963f\u8fbe\u7684\u554a\u554a\u963f\u8fbe\u8428\u8fbe\u963f\u74e6\u8fbe\u963f\u8fbe\u7684\u554a\u554a\u963f\u8fbe\u8428\u8fbe\u963f\u74e6\u8fbe\u963f\u8fbe\u7684\u554a\u554a\u963f\u8fbe\u8428\u8fbe\u963f\u74e6\u8fbe\u963f\u8fbe\u7684\u554a\u554a\u963f\u8fbe\u8428\u8fbe\u963f\u74e6\u8fbe\u963f\u8fbe\u7684\u554a\u554a</p>", "author": 1, "created_time": "2020-07-02T12:49:43.840Z", "last_updated_time": "2020-07-02T12:49:43.840Z"}}, {"model": "blog.blog", "pk": 39, "fields": {"title": "\u4f53\u4f1a\u4eba\u751f", "blog_type": 6, "content": "<p>\u5927\u5927\u963f\u74e6\u8fbe\u554a\u5927\u5927\u963f\u74e6\u8fbe\u554a&nbsp;\u5927\u5927\u963f\u74e6\u8fbe\u554a&nbsp;\u5927\u5927\u963f\u74e6\u8fbe\u554a&nbsp;\u5927\u5927\u963f\u74e6\u8fbe\u554a&nbsp;\u5927\u5927\u963f\u74e6\u8fbe\u554a&nbsp;\u5927\u5927\u963f\u74e6\u8fbe\u554a&nbsp;\u5927\u5927\u963f\u74e6\u8fbe\u554a&nbsp;\u5927\u5927\u963f\u74e6\u8fbe\u554a&nbsp;\u5927\u5927\u963f\u74e6\u8fbe\u554a&nbsp;\u5927\u5927\u963f\u74e6\u8fbe\u554a&nbsp;\u5927\u5927\u963f\u74e6\u8fbe\u554a&nbsp;\u5927\u5927\u963f\u74e6\u8fbe\u554a&nbsp;\u5927\u5927\u963f\u74e6\u8fbe\u554a&nbsp;\u5927\u5927\u963f\u74e6\u8fbe\u554a&nbsp;\u5927\u5927\u963f\u74e6\u8fbe\u554a&nbsp;\u5927\u5927\u963f\u74e6\u8fbe\u554a&nbsp;\u5927\u5927\u963f\u74e6\u8fbe\u554a&nbsp;\u5927\u5927\u963f\u74e6\u8fbe\u554a&nbsp;\u5927\u5927\u963f\u74e6\u8fbe\u554a&nbsp;\u5927\u5927\u963f\u74e6\u8fbe\u554a&nbsp;\u5927\u5927\u963f\u74e6\u8fbe\u554a&nbsp;\u5927\u5927\u963f\u74e6\u8fbe\u554a&nbsp;\u5927\u5927\u963f\u74e6\u8fbe\u554a&nbsp;\u5927\u5927\u963f\u74e6\u8fbe\u554a&nbsp;\u5927\u5927\u963f\u74e6\u8fbe\u554a&nbsp;\u5927\u5927\u963f\u74e6\u8fbe\u554a&nbsp;\u5927\u5927\u963f\u74e6\u8fbe\u554a&nbsp;\u5927\u5927\u963f\u74e6\u8fbe\u554a&nbsp;\u5927\u5927\u963f\u74e6\u8fbe\u554a&nbsp;\u5927\u5927\u963f\u74e6\u8fbe\u554a&nbsp;\u5927\u5927\u963f\u74e6\u8fbe\u554a&nbsp;\u5927\u5927\u963f\u74e6\u8fbe\u554a&nbsp;\u5927\u5927\u963f\u74e6\u8fbe\u554a&nbsp;\u5927\u5927\u963f\u74e6\u8fbe\u554a&nbsp;\u5927\u5927\u963f\u74e6\u8fbe\u554a&nbsp;\u5927\u5927\u963f\u74e6\u8fbe\u554a&nbsp;\u5927\u5927\u963f\u74e6\u8fbe\u554a&nbsp;\u5927\u5927\u963f\u74e6\u8fbe\u554a&nbsp;\u5927\u5927\u963f\u74e6\u8fbe\u554a&nbsp;\u5927\u5927\u963f\u74e6\u8fbe\u554a&nbsp;\u5927\u5927\u963f\u74e6\u8fbe\u554a&nbsp;\u5927\u5927\u963f\u74e6\u8fbe\u554a&nbsp;\u5927\u5927\u963f\u74e6\u8fbe\u554a&nbsp;\u5927\u5927\u963f\u74e6\u8fbe\u554a&nbsp;\u5927\u5927\u963f\u74e6\u8fbe\u554a&nbsp;\u5927\u5927\u963f\u74e6\u8fbe\u554a&nbsp;\u5927\u5927\u963f\u74e6\u8fbe\u554a&nbsp;\u5927\u5927\u963f\u74e6\u8fbe\u554a&nbsp;\u5927\u5927\u963f\u74e6\u8fbe\u554a&nbsp;\u5927\u5927\u963f\u74e6\u8fbe\u554a&nbsp;\u5927\u5927\u963f\u74e6\u8fbe\u554a&nbsp;\u5927\u5927\u963f\u74e6\u8fbe\u554a&nbsp;\u5927\u5927\u963f\u74e6\u8fbe\u554a&nbsp;\u5927\u5927\u963f\u74e6\u8fbe\u554a&nbsp;\u5927\u5927\u963f\u74e6\u8fbe\u554a&nbsp;\u5927\u5927\u963f\u74e6\u8fbe\u554a&nbsp;\u5927\u5927\u963f\u74e6\u8fbe\u554a&nbsp;\u5927\u5927\u963f\u74e6\u8fbe\u554a&nbsp;\u5927\u5927\u963f\u74e6\u8fbe\u554a&nbsp;\u5927\u5927\u963f\u74e6\u8fbe\u554a&nbsp;\u5927\u5927\u963f\u74e6\u8fbe\u554a&nbsp;\u5927\u5927\u963f\u74e6\u8fbe\u554a&nbsp;\u5927\u5927\u963f\u74e6\u8fbe\u554a&nbsp;\u5927\u5927\u963f\u74e6\u8fbe\u554a&nbsp;\u5927\u5927\u963f\u74e6\u8fbe\u554a&nbsp;\u5927\u5927\u963f\u74e6\u8fbe\u554a&nbsp;\u5927\u5927\u963f\u74e6\u8fbe\u554a&nbsp;\u5927\u5927\u963f\u74e6\u8fbe\u554a&nbsp;\u5927\u5927\u963f\u74e6\u8fbe\u554a&nbsp;\u5927\u5927\u963f\u74e6\u8fbe\u554a&nbsp;\u5927\u5927\u963f\u74e6\u8fbe\u554a&nbsp;\u5927\u5927\u963f\u74e6\u8fbe\u554a&nbsp;\u5927\u5927\u963f\u74e6\u8fbe\u554a&nbsp;\u5927\u5927\u963f\u74e6\u8fbe\u554a&nbsp;\u5927\u5927\u963f\u74e6\u8fbe\u554a&nbsp;\u5927\u5927\u963f\u74e6\u8fbe\u554a&nbsp;\u5927\u5927\u963f\u74e6\u8fbe\u554a&nbsp;\u5927\u5927\u963f\u74e6\u8fbe\u554a&nbsp;\u5927\u5927\u963f\u74e6\u8fbe\u554a&nbsp;\u5927\u5927\u963f\u74e6\u8fbe\u554a&nbsp;\u5927\u5927\u963f\u74e6\u8fbe\u554a&nbsp;\u5927\u5927\u963f\u74e6\u8fbe\u554a&nbsp;\u5927\u5927\u963f\u74e6\u8fbe\u554a&nbsp;\u5927\u5927\u963f\u74e6\u8fbe\u554a&nbsp;\u5927\u5927\u963f\u74e6\u8fbe\u554a&nbsp;\u5927\u5927\u963f\u74e6\u8fbe\u554a&nbsp;\u5927\u5927\u963f\u74e6\u8fbe\u554a&nbsp;\u5927\u5927\u963f\u74e6\u8fbe\u554a&nbsp;\u5927\u5927\u963f\u74e6\u8fbe\u554a&nbsp;\u5927\u5927\u963f\u74e6\u8fbe\u554a&nbsp;\u5927\u5927\u963f\u74e6\u8fbe\u554a&nbsp;\u5927\u5927\u963f\u74e6\u8fbe\u554a&nbsp;\u5927\u5927\u963f\u74e6\u8fbe\u554a&nbsp;</p>", "author": 1, "created_time": "2020-07-02T12:50:06.667Z", "last_updated_time": "2020-07-02T12:50:06.668Z"}}, {"model": "comment.comment", "pk": 95, "fields": {"content_type": 7, "object_id": 39, "text": "<p>\u597d\u68d2\u7684\u6587\u91c7\uff01</p>", "comment_time": "2020-07-02T12:54:28.376Z", "user": 1, "root": null, "parent": null, "reply_to": null}}, {"model": "comment.comment", "pk": 96, "fields": {"content_type": 7, "object_id": 39, "text": "<p>\u786e\u5b9e</p>", "comment_time": "2020-07-02T12:54:36.561Z", "user": 1, "root": 95, "parent": 95, "reply_to": 1}}, {"model": "comment.comment", "pk": 97, "fields": {"content_type": 7, "object_id": 38, "text": "<p>\u5f88\u5389\u5bb3</p>", "comment_time": "2020-07-02T12:54:47.604Z", "user": 1, "root": null, "parent": null, "reply_to": null}}, {"model": "comment.comment", "pk": 98, "fields": {"content_type": 7, "object_id": 38, "text": "<p>\u5389\u5bb3\u6781\u4e86</p>", "comment_time": "2020-07-02T12:54:53.891Z", "user": 1, "root": 97, "parent": 97, "reply_to": 1}}, {"model": "comment.comment", "pk": 99, "fields": {"content_type": 7, "object_id": 37, "text": "<p>\u68d2\u68d2\u68d2</p>\r\n\r\n<p>&nbsp;</p>", "comment_time": "2020-07-02T12:55:02.994Z", "user": 1, "root": null, "parent": null, "reply_to": null}}, {"model": "comment.comment", "pk": 100, "fields": {"content_type": 7, "object_id": 37, "text": "<p>\u5f3a\u5f3a\u5f3a</p>", "comment_time": "2020-07-02T12:55:11.639Z", "user": 1, "root": 99, "parent": 99, "reply_to": 1}}, {"model": "comment.comment", "pk": 101, "fields": {"content_type": 7, "object_id": 37, "text": "<p>\u5f3a\u65e0\u654c</p>", "comment_time": "2020-07-02T12:55:16.986Z", "user": 1, "root": 99, "parent": 100, "reply_to": 1}}, {"model": "comment.comment", "pk": 102, "fields": {"content_type": 7, "object_id": 39, "text": "<p>\u6253</p>", "comment_time": "2020-07-03T06:16:28.245Z", "user": 2, "root": null, "parent": null, "reply_to": null}}, {"model": "comment.comment", "pk": 103, "fields": {"content_type": 7, "object_id": 39, "text": "<p>\u8fbe\u74e6\u8fbe\u74e6</p>", "comment_time": "2020-07-03T06:16:33.879Z", "user": 2, "root": 102, "parent": 102, "reply_to": 2}}, {"model": "comment.comment", "pk": 104, "fields": {"content_type": 7, "object_id": 39, "text": "<p>6666</p>", "comment_time": "2020-07-04T02:30:42.458Z", "user": 3, "root": 95, "parent": 95, "reply_to": 1}}, {"model": "comment.comment", "pk": 105, "fields": {"content_type": 7, "object_id": 39, "text": "<p>6</p>", "comment_time": "2020-07-04T02:30:56.257Z", "user": 3, "root": null, "parent": null, "reply_to": null}}, {"model": "comment.comment", "pk": 106, "fields": {"content_type": 7, "object_id": 39, "text": "<p>\u55ef\u55ef\u55ef</p>", "comment_time": "2020-07-04T05:34:41.936Z", "user": 3, "root": null, "parent": null, "reply_to": null}}, {"model": "comment.comment", "pk": 107, "fields": {"content_type": 7, "object_id": 39, "text": "<p>qiang</p>", "comment_time": "2020-07-04T05:36:39.288Z", "user": 1, "root": null, "parent": null, "reply_to": null}}, {"model": "comment.comment", "pk": 108, "fields": {"content_type": 7, "object_id": 39, "text": "<p>666</p>", "comment_time": "2020-07-04T05:39:03.746Z", "user": 1, "root": 107, "parent": 107, "reply_to": 1}}, {"model": "comment.comment", "pk": 109, "fields": {"content_type": 7, "object_id": 39, "text": "<p>\u591a\u7ebf\u7a0b</p>", "comment_time": "2020-07-04T06:06:21.053Z", "user": 1, "root": null, "parent": null, "reply_to": null}}, {"model": "comment.comment", "pk": 110, "fields": {"content_type": 7, "object_id": 39, "text": "<p>66666666</p>", "comment_time": "2020-07-04T06:15:18.238Z", "user": 1, "root": null, "parent": null, "reply_to": null}}, {"model": "comment.comment", "pk": 111, "fields": {"content_type": 7, "object_id": 39, "text": "<p>111111</p>", "comment_time": "2020-07-04T06:15:35.056Z", "user": 1, "root": 110, "parent": 110, "reply_to": 1}}, {"model": "comment.comment", "pk": 112, "fields": {"content_type": 7, "object_id": 39, "text": "<p>22222222222222</p>", "comment_time": "2020-07-04T06:24:21.217Z", "user": 1, "root": null, "parent": null, "reply_to": null}}, {"model": "comment.comment", "pk": 113, "fields": {"content_type": 7, "object_id": 39, "text": "<p>111111</p>", "comment_time": "2020-07-04T06:30:00.389Z", "user": 1, "root": null, "parent": null, "reply_to": null}}, {"model": "comment.comment", "pk": 114, "fields": {"content_type": 7, "object_id": 39, "text": "<p>555555</p>", "comment_time": "2020-07-04T06:34:37.120Z", "user": 1, "root": null, "parent": null, "reply_to": null}}, {"model": "likes.likerecord", "pk": 2, "fields": {"content_type": 7, "object_id": 35, "user": 1, "liked_time": "2020-06-30T04:44:43.640Z"}}, {"model": "likes.likerecord", "pk": 3, "fields": {"content_type": 7, "object_id": 33, "user": 1, "liked_time": "2020-06-30T05:06:16.065Z"}}, {"model": "likes.likerecord", "pk": 4, "fields": {"content_type": 7, "object_id": 4, "user": 1, "liked_time": "2020-06-30T05:06:34.029Z"}}, {"model": "likes.likerecord", "pk": 5, "fields": {"content_type": 7, "object_id": 3, "user": 1, "liked_time": "2020-06-30T05:10:34.221Z"}}, {"model": "likes.likerecord", "pk": 6, "fields": {"content_type": 7, "object_id": 5, "user": 1, "liked_time": "2020-06-30T05:14:24.296Z"}}, {"model": "likes.likerecord", "pk": 7, "fields": {"content_type": 7, "object_id": 6, "user": 1, "liked_time": "2020-06-30T05:23:41.445Z"}}, {"model": "likes.likerecord", "pk": 8, "fields": {"content_type": 7, "object_id": 7, "user": 1, "liked_time": "2020-06-30T05:26:39.338Z"}}, {"model": "likes.likerecord", "pk": 10, "fields": {"content_type": 7, "object_id": 19, "user": 1, "liked_time": "2020-06-30T05:44:59.923Z"}}, {"model": "likes.likerecord", "pk": 11, "fields": {"content_type": 7, "object_id": 31, "user": 1, "liked_time": "2020-06-30T05:47:32.001Z"}}, {"model": "likes.likerecord", "pk": 26, "fields": {"content_type": 12, "object_id": 61, "user": 1, "liked_time": "2020-07-02T08:53:31.858Z"}}, {"model": "likes.likerecord", "pk": 32, "fields": {"content_type": 12, "object_id": 94, "user": 1, "liked_time": "2020-07-02T12:13:57.226Z"}}, {"model": "likes.likerecord", "pk": 35, "fields": {"content_type": 7, "object_id": 36, "user": 1, "liked_time": "2020-07-02T12:44:07.908Z"}}, {"model": "likes.likerecord", "pk": 38, "fields": {"content_type": 7, "object_id": 38, "user": 1, "liked_time": "2020-07-02T12:54:13.610Z"}}, {"model": "likes.likerecord", "pk": 39, "fields": {"content_type": 7, "object_id": 37, "user": 1, "liked_time": "2020-07-02T12:54:17.053Z"}}, {"model": "likes.likerecord", "pk": 40, "fields": {"content_type": 12, "object_id": 95, "user": 1, "liked_time": "2020-07-02T12:54:30.091Z"}}, {"model": "likes.likerecord", "pk": 41, "fields": {"content_type": 12, "object_id": 96, "user": 1, "liked_time": "2020-07-02T12:54:37.772Z"}}, {"model": "likes.likerecord", "pk": 42, "fields": {"content_type": 12, "object_id": 97, "user": 1, "liked_time": "2020-07-02T12:54:49.088Z"}}, {"model": "likes.likerecord", "pk": 43, "fields": {"content_type": 12, "object_id": 98, "user": 1, "liked_time": "2020-07-02T12:54:55.069Z"}}, {"model": "likes.likerecord", "pk": 44, "fields": {"content_type": 12, "object_id": 99, "user": 1, "liked_time": "2020-07-02T12:55:04.401Z"}}, {"model": "likes.likerecord", "pk": 45, "fields": {"content_type": 12, "object_id": 100, "user": 1, "liked_time": "2020-07-02T12:55:13.183Z"}}, {"model": "likes.likerecord", "pk": 46, "fields": {"content_type": 12, "object_id": 102, "user": 2, "liked_time": "2020-07-03T06:16:29.949Z"}}, {"model": "likes.likerecord", "pk": 47, "fields": {"content_type": 12, "object_id": 95, "user": 3, "liked_time": "2020-07-04T02:30:39.532Z"}}, {"model": "likes.likerecord", "pk": 48, "fields": {"content_type": 12, "object_id": 102, "user": 3, "liked_time": "2020-07-04T02:30:45.591Z"}}, {"model": "likes.likerecord", "pk": 49, "fields": {"content_type": 12, "object_id": 103, "user": 3, "liked_time": "2020-07-04T02:30:46.380Z"}}, {"model": "likes.likerecord", "pk": 50, "fields": {"content_type": 12, "object_id": 96, "user": 3, "liked_time": "2020-07-04T02:30:48.155Z"}}, {"model": "likes.likerecord", "pk": 51, "fields": {"content_type": 12, "object_id": 104, "user": 3, "liked_time": "2020-07-04T02:30:48.691Z"}}, {"model": "likes.likerecord", "pk": 52, "fields": {"content_type": 7, "object_id": 39, "user": 3, "liked_time": "2020-07-04T02:30:50.954Z"}}, {"model": "likes.likerecord", "pk": 53, "fields": {"content_type": 7, "object_id": 39, "user": 1, "liked_time": "2020-07-04T05:36:34.908Z"}}, {"model": "likes.likerecord", "pk": 54, "fields": {"content_type": 12, "object_id": 109, "user": 1, "liked_time": "2020-07-04T06:06:24.323Z"}}, {"model": "likes.likerecord", "pk": 55, "fields": {"content_type": 12, "object_id": 110, "user": 1, "liked_time": "2020-07-04T06:15:33.049Z"}}, {"model": "likes.likerecord", "pk": 56, "fields": {"content_type": 12, "object_id": 112, "user": 1, "liked_time": "2020-07-04T06:29:58.885Z"}}, {"model": "likes.likerecord", "pk": 57, "fields": {"content_type": 12, "object_id": 114, "user": 1, "liked_time": "2020-07-04T06:34:39.776Z"}}, {"model": "likes.likerecord", "pk": 58, "fields": {"content_type": 12, "object_id": 113, "user": 1, "liked_time": "2020-07-04T06:34:40.643Z"}}, {"model": "user.profile", "pk": 1, "fields": {"user": 1, "nickname": "\u6d9b\u6d9b"}}, {"model": "user.profile", "pk": 2, "fields": {"user": 2, "nickname": "\u6d9b\u4ed4"}}, {"model": "user.profile", "pk": 3, "fields": {"user": 3, "nickname": "\u6d9b\u4ed4"}}, {"model": "admin.logentry", "pk": 1, "fields": {"action_time": "2020-06-15T07:23:43.355Z", "user": 1, "content_type": 8, "object_id": "1", "object_repr": "BlogType object (1)", "action_flag": 1, "change_message": "[{\"added\": {}}]"}}, {"model": "admin.logentry", "pk": 2, "fields": {"action_time": "2020-06-15T07:24:10.482Z", "user": 1, "content_type": 8, "object_id": "2", "object_repr": "BlogType object (2)", "action_flag": 1, "change_message": "[{\"added\": {}}]"}}, {"model": "admin.logentry", "pk": 3, "fields": {"action_time": "2020-06-15T07:24:29.763Z", "user": 1, "content_type": 8, "object_id": "3", "object_repr": "BlogType object (3)", "action_flag": 1, "change_message": "[{\"added\": {}}]"}}, {"model": "admin.logentry", "pk": 4, "fields": {"action_time": "2020-06-15T07:28:03.289Z", "user": 1, "content_type": 7, "object_id": "1", "object_repr": "<Blog: \u7b2c\u4e00\u7bc7\u535a\u5ba2>", "action_flag": 1, "change_message": "[{\"added\": {}}]"}}, {"model": "admin.logentry", "pk": 5, "fields": {"action_time": "2020-06-15T08:30:48.576Z", "user": 1, "content_type": 7, "object_id": "2", "object_repr": "<Blog: \u7b2c\u4e8c\u7bc7\u535a\u5ba2>", "action_flag": 1, "change_message": "[{\"added\": {}}]"}}, {"model": "admin.logentry", "pk": 6, "fields": {"action_time": "2020-06-15T08:49:00.561Z", "user": 1, "content_type": 7, "object_id": "2", "object_repr": "<Blog: \u7b2c\u4e8c\u7bc7\u535a\u5ba2>", "action_flag": 3, "change_message": ""}}, {"model": "admin.logentry", "pk": 7, "fields": {"action_time": "2020-06-15T08:49:00.597Z", "user": 1, "content_type": 7, "object_id": "1", "object_repr": "<Blog: \u7b2c\u4e00\u7bc7\u535a\u5ba2>", "action_flag": 3, "change_message": ""}}, {"model": "admin.logentry", "pk": 8, "fields": {"action_time": "2020-06-15T08:57:00.038Z", "user": 1, "content_type": 7, "object_id": "3", "object_repr": "<Blog: \u7b2c\u4e00\u7bc7\u535a\u5ba2>", "action_flag": 1, "change_message": "[{\"added\": {}}]"}}, {"model": "admin.logentry", "pk": 9, "fields": {"action_time": "2020-06-16T13:36:47.553Z", "user": 1, "content_type": 7, "object_id": "4", "object_repr": "<Blog: \u7b2c\u4e8c\u7bc7\u535a\u5ba2>", "action_flag": 1, "change_message": "[{\"added\": {}}]"}}, {"model": "admin.logentry", "pk": 10, "fields": {"action_time": "2020-06-16T13:37:10.481Z", "user": 1, "content_type": 7, "object_id": "5", "object_repr": "<Blog: \u7b2c\u4e09\u7bc7\u535a\u5ba2>", "action_flag": 1, "change_message": "[{\"added\": {}}]"}}, {"model": "admin.logentry", "pk": 11, "fields": {"action_time": "2020-06-19T02:56:57.817Z", "user": 1, "content_type": 7, "object_id": "3", "object_repr": "<Blog: \u7b2c\u4e00\u7bc7\u535a\u5ba2>", "action_flag": 2, "change_message": "[{\"changed\": {\"fields\": [\"content\"]}}]"}}, {"model": "admin.logentry", "pk": 12, "fields": {"action_time": "2020-06-19T03:13:20.070Z", "user": 1, "content_type": 7, "object_id": "3", "object_repr": "<Blog: \u7b2c\u4e00\u7bc7\u535a\u5ba2>", "action_flag": 2, "change_message": "[{\"changed\": {\"fields\": [\"content\"]}}]"}}, {"model": "admin.logentry", "pk": 13, "fields": {"action_time": "2020-06-19T04:14:36.581Z", "user": 1, "content_type": 7, "object_id": "3", "object_repr": "<Blog: \u7b2c\u4e00\u7bc7\u535a\u5ba2>", "action_flag": 2, "change_message": "[{\"changed\": {\"fields\": [\"content\"]}}]"}}, {"model": "admin.logentry", "pk": 14, "fields": {"action_time": "2020-06-20T02:33:42.885Z", "user": 1, "content_type": 9, "object_id": "1", "object_repr": "ReadNum object (1)", "action_flag": 1, "change_message": "[{\"added\": {}}]"}}, {"model": "admin.logentry", "pk": 15, "fields": {"action_time": "2020-06-20T04:01:34.463Z", "user": 1, "content_type": 10, "object_id": "1", "object_repr": "ReadNum object (1)", "action_flag": 1, "change_message": "[{\"added\": {}}]"}}, {"model": "admin.logentry", "pk": 16, "fields": {"action_time": "2020-06-24T02:54:25.607Z", "user": 1, "content_type": 11, "object_id": "1", "object_repr": "ReadDetail object (1)", "action_flag": 1, "change_message": "[{\"added\": {}}]"}}, {"model": "admin.logentry", "pk": 17, "fields": {"action_time": "2020-06-27T07:57:41.585Z", "user": 1, "content_type": 12, "object_id": "54", "object_repr": "Comment object (54)", "action_flag": 1, "change_message": "[{\"added\": {}}]"}}, {"model": "admin.logentry", "pk": 18, "fields": {"action_time": "2020-06-27T08:00:58.282Z", "user": 1, "content_type": 12, "object_id": "1", "object_repr": "123\r\n123", "action_flag": 2, "change_message": "[{\"changed\": {\"fields\": [\"parent\"]}}]"}}, {"model": "admin.logentry", "pk": 19, "fields": {"action_time": "2020-06-29T09:45:30.982Z", "user": 1, "content_type": 12, "object_id": "1", "object_repr": "123\r\n123", "action_flag": 3, "change_message": ""}}, {"model": "admin.logentry", "pk": 20, "fields": {"action_time": "2020-06-29T09:45:37.362Z", "user": 1, "content_type": 12, "object_id": "7", "object_repr": "adadw", "action_flag": 3, "change_message": ""}}, {"model": "admin.logentry", "pk": 21, "fields": {"action_time": "2020-06-29T09:45:45.103Z", "user": 1, "content_type": 12, "object_id": "2", "object_repr": "123456", "action_flag": 3, "change_message": ""}}, {"model": "admin.logentry", "pk": 22, "fields": {"action_time": "2020-06-29T09:45:49.283Z", "user": 1, "content_type": 12, "object_id": "3", "object_repr": "456", "action_flag": 3, "change_message": ""}}, {"model": "admin.logentry", "pk": 23, "fields": {"action_time": "2020-06-29T09:45:54.351Z", "user": 1, "content_type": 12, "object_id": "4", "object_repr": "123456789", "action_flag": 3, "change_message": ""}}, {"model": "admin.logentry", "pk": 24, "fields": {"action_time": "2020-06-29T09:46:01.751Z", "user": 1, "content_type": 12, "object_id": "5", "object_repr": "123456889adadadad\r\nadadwdawda\r\nadaw", "action_flag": 3, "change_message": ""}}, {"model": "admin.logentry", "pk": 25, "fields": {"action_time": "2020-06-29T09:46:07.955Z", "user": 1, "content_type": 12, "object_id": "6", "object_repr": "15615616", "action_flag": 3, "change_message": ""}}, {"model": "admin.logentry", "pk": 26, "fields": {"action_time": "2020-06-29T09:46:12.242Z", "user": 1, "content_type": 12, "object_id": "8", "object_repr": "\u554a\u5927\u5927", "action_flag": 3, "change_message": ""}}, {"model": "admin.logentry", "pk": 27, "fields": {"action_time": "2020-06-29T09:46:18.118Z", "user": 1, "content_type": 12, "object_id": "9", "object_repr": "a", "action_flag": 3, "change_message": ""}}, {"model": "admin.logentry", "pk": 28, "fields": {"action_time": "2020-06-29T09:46:28.231Z", "user": 1, "content_type": 12, "object_id": "87", "object_repr": "<p>adawd</p>", "action_flag": 3, "change_message": ""}}, {"model": "admin.logentry", "pk": 29, "fields": {"action_time": "2020-06-29T09:47:11.817Z", "user": 1, "content_type": 12, "object_id": "64", "object_repr": "<p>12121212</p>", "action_flag": 3, "change_message": ""}}, {"model": "admin.logentry", "pk": 30, "fields": {"action_time": "2020-06-29T09:51:19.519Z", "user": 1, "content_type": 12, "object_id": "64", "object_repr": "<p>12121212</p>", "action_flag": 3, "change_message": ""}}, {"model": "admin.logentry", "pk": 31, "fields": {"action_time": "2020-07-02T12:44:29.136Z", "user": 1, "content_type": 7, "object_id": "36", "object_repr": "<Blog: for 30>", "action_flag": 3, "change_message": ""}}, {"model": "admin.logentry", "pk": 32, "fields": {"action_time": "2020-07-02T12:44:29.181Z", "user": 1, "content_type": 7, "object_id": "35", "object_repr": "<Blog: for 29>", "action_flag": 3, "change_message": ""}}, {"model": "admin.logentry", "pk": 33, "fields": {"action_time": "2020-07-02T12:44:29.190Z", "user": 1, "content_type": 7, "object_id": "34", "object_repr": "<Blog: for 28>", "action_flag": 3, "change_message": ""}}, {"model": "admin.logentry", "pk": 34, "fields": {"action_time": "2020-07-02T12:44:29.197Z", "user": 1, "content_type": 7, "object_id": "33", "object_repr": "<Blog: for 27>", "action_flag": 3, "change_message": ""}}, {"model": "admin.logentry", "pk": 35, "fields": {"action_time": "2020-07-02T12:44:29.204Z", "user": 1, "content_type": 7, "object_id": "32", "object_repr": "<Blog: for 26>", "action_flag": 3, "change_message": ""}}, {"model": "admin.logentry", "pk": 36, "fields": {"action_time": "2020-07-02T12:44:29.211Z", "user": 1, "content_type": 7, "object_id": "31", "object_repr": "<Blog: for 25>", "action_flag": 3, "change_message": ""}}, {"model": "admin.logentry", "pk": 37, "fields": {"action_time": "2020-07-02T12:44:29.217Z", "user": 1, "content_type": 7, "object_id": "30", "object_repr": "<Blog: for 24>", "action_flag": 3, "change_message": ""}}, {"model": "admin.logentry", "pk": 38, "fields": {"action_time": "2020-07-02T12:44:29.225Z", "user": 1, "content_type": 7, "object_id": "29", "object_repr": "<Blog: for 23>", "action_flag": 3, "change_message": ""}}, {"model": "admin.logentry", "pk": 39, "fields": {"action_time": "2020-07-02T12:44:29.233Z", "user": 1, "content_type": 7, "object_id": "28", "object_repr": "<Blog: for 22>", "action_flag": 3, "change_message": ""}}, {"model": "admin.logentry", "pk": 40, "fields": {"action_time": "2020-07-02T12:44:29.240Z", "user": 1, "content_type": 7, "object_id": "27", "object_repr": "<Blog: for 21>", "action_flag": 3, "change_message": ""}}, {"model": "admin.logentry", "pk": 41, "fields": {"action_time": "2020-07-02T12:44:29.247Z", "user": 1, "content_type": 7, "object_id": "26", "object_repr": "<Blog: for 20>", "action_flag": 3, "change_message": ""}}, {"model": "admin.logentry", "pk": 42, "fields": {"action_time": "2020-07-02T12:44:29.254Z", "user": 1, "content_type": 7, "object_id": "25", "object_repr": "<Blog: for 19>", "action_flag": 3, "change_message": ""}}, {"model": "admin.logentry", "pk": 43, "fields": {"action_time": "2020-07-02T12:44:29.261Z", "user": 1, "content_type": 7, "object_id": "24", "object_repr": "<Blog: for 18>", "action_flag": 3, "change_message": ""}}, {"model": "admin.logentry", "pk": 44, "fields": {"action_time": "2020-07-02T12:44:29.267Z", "user": 1, "content_type": 7, "object_id": "23", "object_repr": "<Blog: for 17>", "action_flag": 3, "change_message": ""}}, {"model": "admin.logentry", "pk": 45, "fields": {"action_time": "2020-07-02T12:44:29.275Z", "user": 1, "content_type": 7, "object_id": "22", "object_repr": "<Blog: for 16>", "action_flag": 3, "change_message": ""}}, {"model": "admin.logentry", "pk": 46, "fields": {"action_time": "2020-07-02T12:44:29.282Z", "user": 1, "content_type": 7, "object_id": "21", "object_repr": "<Blog: for 15>", "action_flag": 3, "change_message": ""}}, {"model": "admin.logentry", "pk": 47, "fields": {"action_time": "2020-07-02T12:44:29.289Z", "user": 1, "content_type": 7, "object_id": "20", "object_repr": "<Blog: for 14>", "action_flag": 3, "change_message": ""}}, {"model": "admin.logentry", "pk": 48, "fields": {"action_time": "2020-07-02T12:44:29.297Z", "user": 1, "content_type": 7, "object_id": "19", "object_repr": "<Blog: for 13>", "action_flag": 3, "change_message": ""}}, {"model": "admin.logentry", "pk": 49, "fields": {"action_time": "2020-07-02T12:44:29.304Z", "user": 1, "content_type": 7, "object_id": "18", "object_repr": "<Blog: for 12>", "action_flag": 3, "change_message": ""}}, {"model": "admin.logentry", "pk": 50, "fields": {"action_time": "2020-07-02T12:44:29.312Z", "user": 1, "content_type": 7, "object_id": "17", "object_repr": "<Blog: for 11>", "action_flag": 3, "change_message": ""}}, {"model": "admin.logentry", "pk": 51, "fields": {"action_time": "2020-07-02T12:44:29.318Z", "user": 1, "content_type": 7, "object_id": "16", "object_repr": "<Blog: for 10>", "action_flag": 3, "change_message": ""}}, {"model": "admin.logentry", "pk": 52, "fields": {"action_time": "2020-07-02T12:44:29.327Z", "user": 1, "content_type": 7, "object_id": "15", "object_repr": "<Blog: for 9>", "action_flag": 3, "change_message": ""}}, {"model": "admin.logentry", "pk": 53, "fields": {"action_time": "2020-07-02T12:44:29.334Z", "user": 1, "content_type": 7, "object_id": "14", "object_repr": "<Blog: for 8>", "action_flag": 3, "change_message": ""}}, {"model": "admin.logentry", "pk": 54, "fields": {"action_time": "2020-07-02T12:44:29.342Z", "user": 1, "content_type": 7, "object_id": "13", "object_repr": "<Blog: for 7>", "action_flag": 3, "change_message": ""}}, {"model": "admin.logentry", "pk": 55, "fields": {"action_time": "2020-07-02T12:44:29.350Z", "user": 1, "content_type": 7, "object_id": "12", "object_repr": "<Blog: for 6>", "action_flag": 3, "change_message": ""}}, {"model": "admin.logentry", "pk": 56, "fields": {"action_time": "2020-07-02T12:44:29.358Z", "user": 1, "content_type": 7, "object_id": "11", "object_repr": "<Blog: for 5>", "action_flag": 3, "change_message": ""}}, {"model": "admin.logentry", "pk": 57, "fields": {"action_time": "2020-07-02T12:44:29.365Z", "user": 1, "content_type": 7, "object_id": "10", "object_repr": "<Blog: for 4>", "action_flag": 3, "change_message": ""}}, {"model": "admin.logentry", "pk": 58, "fields": {"action_time": "2020-07-02T12:44:29.373Z", "user": 1, "content_type": 7, "object_id": "9", "object_repr": "<Blog: for 3>", "action_flag": 3, "change_message": ""}}, {"model": "admin.logentry", "pk": 59, "fields": {"action_time": "2020-07-02T12:44:29.379Z", "user": 1, "content_type": 7, "object_id": "8", "object_repr": "<Blog: for 2>", "action_flag": 3, "change_message": ""}}, {"model": "admin.logentry", "pk": 60, "fields": {"action_time": "2020-07-02T12:44:29.386Z", "user": 1, "content_type": 7, "object_id": "7", "object_repr": "<Blog: for 1>", "action_flag": 3, "change_message": ""}}, {"model": "admin.logentry", "pk": 61, "fields": {"action_time": "2020-07-02T12:44:29.393Z", "user": 1, "content_type": 7, "object_id": "6", "object_repr": "<Blog: shell\u4e0b\u7684\u7b2c\u4e00\u7bc7>", "action_flag": 3, "change_message": ""}}, {"model": "admin.logentry", "pk": 62, "fields": {"action_time": "2020-07-02T12:44:29.400Z", "user": 1, "content_type": 7, "object_id": "5", "object_repr": "<Blog: \u7b2c\u4e09\u7bc7\u535a\u5ba2>", "action_flag": 3, "change_message": ""}}, {"model": "admin.logentry", "pk": 63, "fields": {"action_time": "2020-07-02T12:44:29.408Z", "user": 1, "content_type": 7, "object_id": "4", "object_repr": "<Blog: \u7b2c\u4e8c\u7bc7\u535a\u5ba2>", "action_flag": 3, "change_message": ""}}, {"model": "admin.logentry", "pk": 64, "fields": {"action_time": "2020-07-02T12:44:29.417Z", "user": 1, "content_type": 7, "object_id": "3", "object_repr": "<Blog: \u7b2c\u4e00\u7bc7\u535a\u5ba2>", "action_flag": 3, "change_message": ""}}, {"model": "admin.logentry", "pk": 65, "fields": {"action_time": "2020-07-02T12:44:47.086Z", "user": 1, "content_type": 12, "object_id": "10", "object_repr": "345", "action_flag": 3, "change_message": ""}}, {"model": "admin.logentry", "pk": 66, "fields": {"action_time": "2020-07-02T12:44:47.132Z", "user": 1, "content_type": 12, "object_id": "11", "object_repr": "4165", "action_flag": 3, "change_message": ""}}, {"model": "admin.logentry", "pk": 67, "fields": {"action_time": "2020-07-02T12:44:47.139Z", "user": 1, "content_type": 12, "object_id": "12", "object_repr": "<p><img alt=\"yes\" src=\"http://127.0.0.1:8000/static/ckeditor/ckeditor/plugins/smiley/images/thumbs_up.png\" style=\"height:23px; width:23px\" title=\"yes\" /></p>", "action_flag": 3, "change_message": ""}}, {"model": "admin.logentry", "pk": 68, "fields": {"action_time": "2020-07-02T12:44:47.147Z", "user": 1, "content_type": 12, "object_id": "13", "object_repr": "<p>asdad</p>", "action_flag": 3, "change_message": ""}}, {"model": "admin.logentry", "pk": 69, "fields": {"action_time": "2020-07-02T12:44:47.153Z", "user": 1, "content_type": 12, "object_id": "14", "object_repr": "<p>adadwd</p>", "action_flag": 3, "change_message": ""}}, {"model": "admin.logentry", "pk": 70, "fields": {"action_time": "2020-07-02T12:44:47.161Z", "user": 1, "content_type": 12, "object_id": "15", "object_repr": "adawdw", "action_flag": 3, "change_message": ""}}, {"model": "admin.logentry", "pk": 71, "fields": {"action_time": "2020-07-02T12:44:47.166Z", "user": 1, "content_type": 12, "object_id": "16", "object_repr": "<p>dawdadad</p>", "action_flag": 3, "change_message": ""}}, {"model": "admin.logentry", "pk": 72, "fields": {"action_time": "2020-07-02T12:44:47.176Z", "user": 1, "content_type": 12, "object_id": "17", "object_repr": "<p>adada</p>", "action_flag": 3, "change_message": ""}}, {"model": "admin.logentry", "pk": 73, "fields": {"action_time": "2020-07-02T12:44:47.183Z", "user": 1, "content_type": 12, "object_id": "18", "object_repr": "<p>sf</p>", "action_flag": 3, "change_message": ""}}, {"model": "admin.logentry", "pk": 74, "fields": {"action_time": "2020-07-02T12:44:47.192Z", "user": 1, "content_type": 12, "object_id": "19", "object_repr": "\u4f60\u597d", "action_flag": 3, "change_message": ""}}, {"model": "admin.logentry", "pk": 75, "fields": {"action_time": "2020-07-02T12:44:47.200Z", "user": 1, "content_type": 12, "object_id": "20", "object_repr": "<p>\u4f60\u597d</p>", "action_flag": 3, "change_message": ""}}, {"model": "admin.logentry", "pk": 76, "fields": {"action_time": "2020-07-02T12:44:47.207Z", "user": 1, "content_type": 12, "object_id": "21", "object_repr": "<p>123456</p>", "action_flag": 3, "change_message": ""}}, {"model": "admin.logentry", "pk": 77, "fields": {"action_time": "2020-07-02T12:44:47.215Z", "user": 1, "content_type": 12, "object_id": "22", "object_repr": "<p>\u6253</p>", "action_flag": 3, "change_message": ""}}, {"model": "admin.logentry", "pk": 78, "fields": {"action_time": "2020-07-02T12:44:47.223Z", "user": 1, "content_type": 12, "object_id": "23", "object_repr": "<p>\u6253</p>", "action_flag": 3, "change_message": ""}}, {"model": "admin.logentry", "pk": 79, "fields": {"action_time": "2020-07-02T12:44:47.231Z", "user": 1, "content_type": 12, "object_id": "24", "object_repr": "<p>\u7b97\u6cd5</p>", "action_flag": 3, "change_message": ""}}, {"model": "admin.logentry", "pk": 80, "fields": {"action_time": "2020-07-02T12:44:47.239Z", "user": 1, "content_type": 12, "object_id": "25", "object_repr": "<p>\u554a\u6211</p>", "action_flag": 3, "change_message": ""}}, {"model": "admin.logentry", "pk": 81, "fields": {"action_time": "2020-07-02T12:44:47.246Z", "user": 1, "content_type": 12, "object_id": "26", "object_repr": "<p>\u554a</p>", "action_flag": 3, "change_message": ""}}, {"model": "admin.logentry", "pk": 82, "fields": {"action_time": "2020-07-02T12:44:47.255Z", "user": 1, "content_type": 12, "object_id": "27", "object_repr": "<p>\u554a</p>", "action_flag": 3, "change_message": ""}}, {"model": "admin.logentry", "pk": 83, "fields": {"action_time": "2020-07-02T12:44:47.261Z", "user": 1, "content_type": 12, "object_id": "28", "object_repr": "<p>\u963f\u8fbe</p>", "action_flag": 3, "change_message": ""}}, {"model": "admin.logentry", "pk": 84, "fields": {"action_time": "2020-07-02T12:44:47.267Z", "user": 1, "content_type": 12, "object_id": "29", "object_repr": "<p>\u963f\u8fbe\u6253&nbsp;</p>", "action_flag": 3, "change_message": ""}}, {"model": "admin.logentry", "pk": 85, "fields": {"action_time": "2020-07-02T12:44:47.274Z", "user": 1, "content_type": 12, "object_id": "30", "object_repr": "<p>\u963f\u8fbe</p>", "action_flag": 3, "change_message": ""}}, {"model": "admin.logentry", "pk": 86, "fields": {"action_time": "2020-07-02T12:44:47.283Z", "user": 1, "content_type": 12, "object_id": "31", "object_repr": "<p>\u963f\u8fbe</p>", "action_flag": 3, "change_message": ""}}, {"model": "admin.logentry", "pk": 87, "fields": {"action_time": "2020-07-02T12:44:47.290Z", "user": 1, "content_type": 12, "object_id": "32", "object_repr": "<p>678</p>\r\n\r\n<p>&nbsp;</p>", "action_flag": 3, "change_message": ""}}, {"model": "admin.logentry", "pk": 88, "fields": {"action_time": "2020-07-02T12:44:47.300Z", "user": 1, "content_type": 12, "object_id": "33", "object_repr": "<p><img alt=\"smiley\" height=\"23\" src=\"http://127.0.0.1:8000/static/ckeditor/ckeditor/plugins/smiley/images/regular_smile.png\" title=\"smiley\" width=\"23\" /></p>\r\n\r\n<p>&nbsp;</p>", "action_flag": 3, "change_message": ""}}, {"model": "admin.logentry", "pk": 89, "fields": {"action_time": "2020-07-02T12:44:47.308Z", "user": 1, "content_type": 12, "object_id": "34", "object_repr": "<p><img alt=\"smiley\" height=\"23\" src=\"http://127.0.0.1:8000/static/ckeditor/ckeditor/plugins/smiley/images/regular_smile.png\" title=\"smiley\" width=\"23\" /></p>\r\n\r\n<p>&nbsp;</p>", "action_flag": 3, "change_message": ""}}, {"model": "admin.logentry", "pk": 90, "fields": {"action_time": "2020-07-02T12:44:47.316Z", "user": 1, "content_type": 12, "object_id": "35", "object_repr": "<p><img alt=\"smiley\" height=\"23\" src=\"http://127.0.0.1:8000/static/ckeditor/ckeditor/plugins/smiley/images/regular_smile.png\" title=\"smiley\" width=\"23\" /></p>\r\n\r\n<p>&nbsp;</p>", "action_flag": 3, "change_message": ""}}, {"model": "admin.logentry", "pk": 91, "fields": {"action_time": "2020-07-02T12:44:47.324Z", "user": 1, "content_type": 12, "object_id": "36", "object_repr": "<p>adq&nbsp;</p>", "action_flag": 3, "change_message": ""}}, {"model": "admin.logentry", "pk": 92, "fields": {"action_time": "2020-07-02T12:44:47.333Z", "user": 1, "content_type": 12, "object_id": "37", "object_repr": "<p>adq&nbsp;</p>", "action_flag": 3, "change_message": ""}}, {"model": "admin.logentry", "pk": 93, "fields": {"action_time": "2020-07-02T12:44:47.340Z", "user": 1, "content_type": 12, "object_id": "38", "object_repr": "<p>adq&nbsp;</p>", "action_flag": 3, "change_message": ""}}, {"model": "admin.logentry", "pk": 94, "fields": {"action_time": "2020-07-02T12:44:47.348Z", "user": 1, "content_type": 12, "object_id": "39", "object_repr": "<p>wda wd</p>", "action_flag": 3, "change_message": ""}}, {"model": "admin.logentry", "pk": 95, "fields": {"action_time": "2020-07-02T12:44:47.357Z", "user": 1, "content_type": 12, "object_id": "40", "object_repr": "<p>123</p>", "action_flag": 3, "change_message": ""}}, {"model": "admin.logentry", "pk": 96, "fields": {"action_time": "2020-07-02T12:44:47.364Z", "user": 1, "content_type": 12, "object_id": "41", "object_repr": "<p>678</p>", "action_flag": 3, "change_message": ""}}, {"model": "admin.logentry", "pk": 97, "fields": {"action_time": "2020-07-02T12:44:47.371Z", "user": 1, "content_type": 12, "object_id": "42", "object_repr": "<p>789</p>", "action_flag": 3, "change_message": ""}}, {"model": "admin.logentry", "pk": 98, "fields": {"action_time": "2020-07-02T12:44:47.379Z", "user": 1, "content_type": 12, "object_id": "43", "object_repr": "<p>899</p>", "action_flag": 3, "change_message": ""}}, {"model": "admin.logentry", "pk": 99, "fields": {"action_time": "2020-07-02T12:44:47.386Z", "user": 1, "content_type": 12, "object_id": "44", "object_repr": "<p>ada</p>", "action_flag": 3, "change_message": ""}}, {"model": "admin.logentry", "pk": 100, "fields": {"action_time": "2020-07-02T12:44:47.393Z", "user": 1, "content_type": 12, "object_id": "45", "object_repr": "<p>a&nbsp;</p>", "action_flag": 3, "change_message": ""}}, {"model": "admin.logentry", "pk": 101, "fields": {"action_time": "2020-07-02T12:44:47.401Z", "user": 1, "content_type": 12, "object_id": "46", "object_repr": "<p>123</p>", "action_flag": 3, "change_message": ""}}, {"model": "admin.logentry", "pk": 102, "fields": {"action_time": "2020-07-02T12:44:47.408Z", "user": 1, "content_type": 12, "object_id": "47", "object_repr": "<p>wd&nbsp;</p>", "action_flag": 3, "change_message": ""}}, {"model": "admin.logentry", "pk": 103, "fields": {"action_time": "2020-07-02T12:44:47.417Z", "user": 1, "content_type": 12, "object_id": "48", "object_repr": "<p><img alt=\"yes\" height=\"23\" src=\"http://127.0.0.1:8000/static/ckeditor/ckeditor/plugins/smiley/images/thumbs_up.png\" title=\"yes\" width=\"23\" /></p>", "action_flag": 3, "change_message": ""}}, {"model": "admin.logentry", "pk": 104, "fields": {"action_time": "2020-07-02T12:44:47.425Z", "user": 1, "content_type": 12, "object_id": "49", "object_repr": "<p>123</p>", "action_flag": 3, "change_message": ""}}, {"model": "admin.logentry", "pk": 105, "fields": {"action_time": "2020-07-02T12:44:47.430Z", "user": 1, "content_type": 12, "object_id": "50", "object_repr": "<p>wd</p>", "action_flag": 3, "change_message": ""}}, {"model": "admin.logentry", "pk": 106, "fields": {"action_time": "2020-07-02T12:44:47.438Z", "user": 1, "content_type": 12, "object_id": "51", "object_repr": "<p><img alt=\"laugh\" height=\"23\" src=\"http://127.0.0.1:8000/static/ckeditor/ckeditor/plugins/smiley/images/teeth_smile.png\" title=\"laugh\" width=\"23\" />adw</p>", "action_flag": 3, "change_message": ""}}, {"model": "admin.logentry", "pk": 107, "fields": {"action_time": "2020-07-02T12:44:47.446Z", "user": 1, "content_type": 12, "object_id": "52", "object_repr": "<p><img alt=\"heart\" height=\"23\" src=\"http://127.0.0.1:8000/static/ckeditor/ckeditor/plugins/smiley/images/heart.png\" title=\"heart\" width=\"23\" /></p>", "action_flag": 3, "change_message": ""}}, {"model": "admin.logentry", "pk": 108, "fields": {"action_time": "2020-07-02T12:44:47.453Z", "user": 1, "content_type": 12, "object_id": "53", "object_repr": "<p><img alt=\"broken heart\" height=\"23\" src=\"http://127.0.0.1:8000/static/ckeditor/ckeditor/plugins/smiley/images/broken_heart.png\" title=\"broken heart\" width=\"23\" /></p>", "action_flag": 3, "change_message": ""}}, {"model": "admin.logentry", "pk": 109, "fields": {"action_time": "2020-07-02T12:44:47.459Z", "user": 1, "content_type": 12, "object_id": "54", "object_repr": "hello", "action_flag": 3, "change_message": ""}}, {"model": "admin.logentry", "pk": 110, "fields": {"action_time": "2020-07-02T12:44:47.466Z", "user": 1, "content_type": 12, "object_id": "55", "object_repr": "<p>8</p>", "action_flag": 3, "change_message": ""}}, {"model": "admin.logentry", "pk": 111, "fields": {"action_time": "2020-07-02T12:44:47.473Z", "user": 1, "content_type": 12, "object_id": "56", "object_repr": "<p>\u963f\u74e6\u554a</p>", "action_flag": 3, "change_message": ""}}, {"model": "admin.logentry", "pk": 112, "fields": {"action_time": "2020-07-02T12:44:47.479Z", "user": 1, "content_type": 12, "object_id": "57", "object_repr": "<p>\u963f\u8fbe</p>", "action_flag": 3, "change_message": ""}}, {"model": "admin.logentry", "pk": 113, "fields": {"action_time": "2020-07-02T12:44:47.486Z", "user": 1, "content_type": 12, "object_id": "58", "object_repr": "<p>2323</p>", "action_flag": 3, "change_message": ""}}, {"model": "admin.logentry", "pk": 114, "fields": {"action_time": "2020-07-02T12:44:47.493Z", "user": 1, "content_type": 12, "object_id": "59", "object_repr": "<p>wdawd</p>", "action_flag": 3, "change_message": ""}}, {"model": "admin.logentry", "pk": 115, "fields": {"action_time": "2020-07-02T12:44:47.499Z", "user": 1, "content_type": 12, "object_id": "60", "object_repr": "<p>adad</p>", "action_flag": 3, "change_message": ""}}, {"model": "admin.logentry", "pk": 116, "fields": {"action_time": "2020-07-02T12:44:47.507Z", "user": 1, "content_type": 12, "object_id": "61", "object_repr": "<p>sfs&nbsp;</p>", "action_flag": 3, "change_message": ""}}, {"model": "admin.logentry", "pk": 117, "fields": {"action_time": "2020-07-02T12:44:47.515Z", "user": 1, "content_type": 12, "object_id": "62", "object_repr": "<p>sdsd</p>", "action_flag": 3, "change_message": ""}}, {"model": "admin.logentry", "pk": 118, "fields": {"action_time": "2020-07-02T12:44:47.521Z", "user": 1, "content_type": 12, "object_id": "63", "object_repr": "<p>123456</p>", "action_flag": 3, "change_message": ""}}, {"model": "admin.logentry", "pk": 119, "fields": {"action_time": "2020-07-02T12:44:47.528Z", "user": 1, "content_type": 12, "object_id": "65", "object_repr": "<p>adada</p>", "action_flag": 3, "change_message": ""}}, {"model": "admin.logentry", "pk": 120, "fields": {"action_time": "2020-07-02T12:44:47.536Z", "user": 1, "content_type": 12, "object_id": "66", "object_repr": "<p>789</p>", "action_flag": 3, "change_message": ""}}, {"model": "admin.logentry", "pk": 121, "fields": {"action_time": "2020-07-02T12:44:47.543Z", "user": 1, "content_type": 12, "object_id": "67", "object_repr": "<p>daadaw</p>", "action_flag": 3, "change_message": ""}}, {"model": "admin.logentry", "pk": 122, "fields": {"action_time": "2020-07-02T12:44:47.548Z", "user": 1, "content_type": 12, "object_id": "68", "object_repr": "<p>a&nbsp;</p>", "action_flag": 3, "change_message": ""}}, {"model": "admin.logentry", "pk": 123, "fields": {"action_time": "2020-07-02T12:44:47.555Z", "user": 1, "content_type": 12, "object_id": "74", "object_repr": "<p>123456</p>", "action_flag": 3, "change_message": ""}}, {"model": "admin.logentry", "pk": 124, "fields": {"action_time": "2020-07-02T12:44:47.563Z", "user": 1, "content_type": 12, "object_id": "75", "object_repr": "<p>789</p>", "action_flag": 3, "change_message": ""}}, {"model": "admin.logentry", "pk": 125, "fields": {"action_time": "2020-07-02T12:44:47.568Z", "user": 1, "content_type": 12, "object_id": "76", "object_repr": "<p>56789</p>", "action_flag": 3, "change_message": ""}}, {"model": "admin.logentry", "pk": 126, "fields": {"action_time": "2020-07-02T12:44:47.575Z", "user": 1, "content_type": 12, "object_id": "77", "object_repr": "<p>11111</p>", "action_flag": 3, "change_message": ""}}, {"model": "admin.logentry", "pk": 127, "fields": {"action_time": "2020-07-02T12:44:47.583Z", "user": 1, "content_type": 12, "object_id": "78", "object_repr": "<p>\u6492\u5927\u5927</p>", "action_flag": 3, "change_message": ""}}, {"model": "admin.logentry", "pk": 128, "fields": {"action_time": "2020-07-02T12:44:47.589Z", "user": 1, "content_type": 12, "object_id": "79", "object_repr": "<p>\u8fbe\u74e6\u8fbe\u74e6</p>", "action_flag": 3, "change_message": ""}}, {"model": "admin.logentry", "pk": 129, "fields": {"action_time": "2020-07-02T12:44:47.596Z", "user": 1, "content_type": 12, "object_id": "80", "object_repr": "<p>\u554a\u5927\u5927</p>", "action_flag": 3, "change_message": ""}}, {"model": "admin.logentry", "pk": 130, "fields": {"action_time": "2020-07-02T12:44:47.605Z", "user": 1, "content_type": 12, "object_id": "81", "object_repr": "<p>\u7b2c\u4e00\u6761</p>", "action_flag": 3, "change_message": ""}}, {"model": "admin.logentry", "pk": 131, "fields": {"action_time": "2020-07-02T12:44:47.614Z", "user": 1, "content_type": 12, "object_id": "82", "object_repr": "<p>123</p>", "action_flag": 3, "change_message": ""}}, {"model": "admin.logentry", "pk": 132, "fields": {"action_time": "2020-07-02T12:44:47.620Z", "user": 1, "content_type": 12, "object_id": "83", "object_repr": "<p>\u963f\u8fbe\u4f1f\u5927</p>", "action_flag": 3, "change_message": ""}}, {"model": "admin.logentry", "pk": 133, "fields": {"action_time": "2020-07-02T12:44:47.627Z", "user": 1, "content_type": 12, "object_id": "84", "object_repr": "<p>\u6211\u7684\u5a03</p>", "action_flag": 3, "change_message": ""}}, {"model": "admin.logentry", "pk": 134, "fields": {"action_time": "2020-07-02T12:44:47.635Z", "user": 1, "content_type": 12, "object_id": "85", "object_repr": "<p>\u6211\u7684\u5a03\u7684</p>", "action_flag": 3, "change_message": ""}}, {"model": "admin.logentry", "pk": 135, "fields": {"action_time": "2020-07-02T12:44:47.643Z", "user": 1, "content_type": 12, "object_id": "86", "object_repr": "<p>1111111</p>", "action_flag": 3, "change_message": ""}}, {"model": "admin.logentry", "pk": 136, "fields": {"action_time": "2020-07-02T12:44:47.651Z", "user": 1, "content_type": 12, "object_id": "87", "object_repr": "<p>\u4f60\u597d</p>", "action_flag": 3, "change_message": ""}}, {"model": "admin.logentry", "pk": 137, "fields": {"action_time": "2020-07-02T12:44:47.659Z", "user": 1, "content_type": 12, "object_id": "88", "object_repr": "<p>\u4f60\u4e5f\u597d</p>", "action_flag": 3, "change_message": ""}}, {"model": "admin.logentry", "pk": 138, "fields": {"action_time": "2020-07-02T12:44:47.668Z", "user": 1, "content_type": 12, "object_id": "89", "object_repr": "<p>ada&nbsp;</p>", "action_flag": 3, "change_message": ""}}, {"model": "admin.logentry", "pk": 139, "fields": {"action_time": "2020-07-02T12:44:47.676Z", "user": 1, "content_type": 12, "object_id": "90", "object_repr": "<p>adad</p>", "action_flag": 3, "change_message": ""}}, {"model": "admin.logentry", "pk": 140, "fields": {"action_time": "2020-07-02T12:44:47.682Z", "user": 1, "content_type": 12, "object_id": "91", "object_repr": "<p>adwd</p>", "action_flag": 3, "change_message": ""}}, {"model": "admin.logentry", "pk": 141, "fields": {"action_time": "2020-07-02T12:44:47.690Z", "user": 1, "content_type": 12, "object_id": "92", "object_repr": "<p>daawd</p>", "action_flag": 3, "change_message": ""}}, {"model": "admin.logentry", "pk": 142, "fields": {"action_time": "2020-07-02T12:44:47.697Z", "user": 1, "content_type": 12, "object_id": "93", "object_repr": "<p>dawdwad</p>", "action_flag": 3, "change_message": ""}}, {"model": "admin.logentry", "pk": 143, "fields": {"action_time": "2020-07-02T12:44:47.705Z", "user": 1, "content_type": 12, "object_id": "94", "object_repr": "<p>dada</p>", "action_flag": 3, "change_message": ""}}, {"model": "admin.logentry", "pk": 144, "fields": {"action_time": "2020-07-02T12:45:08.748Z", "user": 1, "content_type": 10, "object_id": "27", "object_repr": "ReadNum object (27)", "action_flag": 3, "change_message": ""}}, {"model": "admin.logentry", "pk": 145, "fields": {"action_time": "2020-07-02T12:45:08.763Z", "user": 1, "content_type": 10, "object_id": "26", "object_repr": "ReadNum object (26)", "action_flag": 3, "change_message": ""}}, {"model": "admin.logentry", "pk": 146, "fields": {"action_time": "2020-07-02T12:45:08.769Z", "user": 1, "content_type": 10, "object_id": "25", "object_repr": "ReadNum object (25)", "action_flag": 3, "change_message": ""}}, {"model": "admin.logentry", "pk": 147, "fields": {"action_time": "2020-07-02T12:45:08.777Z", "user": 1, "content_type": 10, "object_id": "24", "object_repr": "ReadNum object (24)", "action_flag": 3, "change_message": ""}}, {"model": "admin.logentry", "pk": 148, "fields": {"action_time": "2020-07-02T12:45:08.785Z", "user": 1, "content_type": 10, "object_id": "23", "object_repr": "ReadNum object (23)", "action_flag": 3, "change_message": ""}}, {"model": "admin.logentry", "pk": 149, "fields": {"action_time": "2020-07-02T12:45:08.793Z", "user": 1, "content_type": 10, "object_id": "22", "object_repr": "ReadNum object (22)", "action_flag": 3, "change_message": ""}}, {"model": "admin.logentry", "pk": 150, "fields": {"action_time": "2020-07-02T12:45:08.800Z", "user": 1, "content_type": 10, "object_id": "21", "object_repr": "ReadNum object (21)", "action_flag": 3, "change_message": ""}}, {"model": "admin.logentry", "pk": 151, "fields": {"action_time": "2020-07-02T12:45:08.807Z", "user": 1, "content_type": 10, "object_id": "20", "object_repr": "ReadNum object (20)", "action_flag": 3, "change_message": ""}}, {"model": "admin.logentry", "pk": 152, "fields": {"action_time": "2020-07-02T12:45:08.816Z", "user": 1, "content_type": 10, "object_id": "19", "object_repr": "ReadNum object (19)", "action_flag": 3, "change_message": ""}}, {"model": "admin.logentry", "pk": 153, "fields": {"action_time": "2020-07-02T12:45:08.825Z", "user": 1, "content_type": 10, "object_id": "18", "object_repr": "ReadNum object (18)", "action_flag": 3, "change_message": ""}}, {"model": "admin.logentry", "pk": 154, "fields": {"action_time": "2020-07-02T12:45:08.832Z", "user": 1, "content_type": 10, "object_id": "17", "object_repr": "ReadNum object (17)", "action_flag": 3, "change_message": ""}}, {"model": "admin.logentry", "pk": 155, "fields": {"action_time": "2020-07-02T12:45:08.839Z", "user": 1, "content_type": 10, "object_id": "16", "object_repr": "ReadNum object (16)", "action_flag": 3, "change_message": ""}}, {"model": "admin.logentry", "pk": 156, "fields": {"action_time": "2020-07-02T12:45:08.847Z", "user": 1, "content_type": 10, "object_id": "15", "object_repr": "ReadNum object (15)", "action_flag": 3, "change_message": ""}}, {"model": "admin.logentry", "pk": 157, "fields": {"action_time": "2020-07-02T12:45:08.854Z", "user": 1, "content_type": 10, "object_id": "14", "object_repr": "ReadNum object (14)", "action_flag": 3, "change_message": ""}}, {"model": "admin.logentry", "pk": 158, "fields": {"action_time": "2020-07-02T12:45:08.862Z", "user": 1, "content_type": 10, "object_id": "13", "object_repr": "ReadNum object (13)", "action_flag": 3, "change_message": ""}}, {"model": "admin.logentry", "pk": 159, "fields": {"action_time": "2020-07-02T12:45:08.869Z", "user": 1, "content_type": 10, "object_id": "12", "object_repr": "ReadNum object (12)", "action_flag": 3, "change_message": ""}}, {"model": "admin.logentry", "pk": 160, "fields": {"action_time": "2020-07-02T12:45:08.877Z", "user": 1, "content_type": 10, "object_id": "11", "object_repr": "ReadNum object (11)", "action_flag": 3, "change_message": ""}}, {"model": "admin.logentry", "pk": 161, "fields": {"action_time": "2020-07-02T12:45:08.884Z", "user": 1, "content_type": 10, "object_id": "10", "object_repr": "ReadNum object (10)", "action_flag": 3, "change_message": ""}}, {"model": "admin.logentry", "pk": 162, "fields": {"action_time": "2020-07-02T12:45:08.892Z", "user": 1, "content_type": 10, "object_id": "9", "object_repr": "ReadNum object (9)", "action_flag": 3, "change_message": ""}}, {"model": "admin.logentry", "pk": 163, "fields": {"action_time": "2020-07-02T12:45:08.900Z", "user": 1, "content_type": 10, "object_id": "8", "object_repr": "ReadNum object (8)", "action_flag": 3, "change_message": ""}}, {"model": "admin.logentry", "pk": 164, "fields": {"action_time": "2020-07-02T12:45:08.908Z", "user": 1, "content_type": 10, "object_id": "7", "object_repr": "ReadNum object (7)", "action_flag": 3, "change_message": ""}}, {"model": "admin.logentry", "pk": 165, "fields": {"action_time": "2020-07-02T12:45:08.914Z", "user": 1, "content_type": 10, "object_id": "6", "object_repr": "ReadNum object (6)", "action_flag": 3, "change_message": ""}}, {"model": "admin.logentry", "pk": 166, "fields": {"action_time": "2020-07-02T12:45:08.921Z", "user": 1, "content_type": 10, "object_id": "5", "object_repr": "ReadNum object (5)", "action_flag": 3, "change_message": ""}}, {"model": "admin.logentry", "pk": 167, "fields": {"action_time": "2020-07-02T12:45:08.929Z", "user": 1, "content_type": 10, "object_id": "4", "object_repr": "ReadNum object (4)", "action_flag": 3, "change_message": ""}}, {"model": "admin.logentry", "pk": 168, "fields": {"action_time": "2020-07-02T12:45:08.935Z", "user": 1, "content_type": 10, "object_id": "3", "object_repr": "ReadNum object (3)", "action_flag": 3, "change_message": ""}}, {"model": "admin.logentry", "pk": 169, "fields": {"action_time": "2020-07-02T12:45:08.943Z", "user": 1, "content_type": 10, "object_id": "2", "object_repr": "ReadNum object (2)", "action_flag": 3, "change_message": ""}}, {"model": "admin.logentry", "pk": 170, "fields": {"action_time": "2020-07-02T12:45:08.950Z", "user": 1, "content_type": 10, "object_id": "1", "object_repr": "ReadNum object (1)", "action_flag": 3, "change_message": ""}}, {"model": "admin.logentry", "pk": 171, "fields": {"action_time": "2020-07-02T12:45:32.119Z", "user": 1, "content_type": 8, "object_id": "3", "object_repr": "\u611f\u609f", "action_flag": 3, "change_message": ""}}, {"model": "admin.logentry", "pk": 172, "fields": {"action_time": "2020-07-02T12:45:32.166Z", "user": 1, "content_type": 8, "object_id": "2", "object_repr": "flask", "action_flag": 3, "change_message": ""}}, {"model": "admin.logentry", "pk": 173, "fields": {"action_time": "2020-07-02T12:45:32.174Z", "user": 1, "content_type": 8, "object_id": "1", "object_repr": "Django", "action_flag": 3, "change_message": ""}}, {"model": "admin.logentry", "pk": 174, "fields": {"action_time": "2020-07-02T12:47:50.962Z", "user": 1, "content_type": 8, "object_id": "4", "object_repr": "\u611f\u609f", "action_flag": 1, "change_message": "[{\"added\": {}}]"}}, {"model": "admin.logentry", "pk": 175, "fields": {"action_time": "2020-07-02T12:48:17.561Z", "user": 1, "content_type": 8, "object_id": "5", "object_repr": "\u5fc3\u5f97", "action_flag": 1, "change_message": "[{\"added\": {}}]"}}, {"model": "admin.logentry", "pk": 176, "fields": {"action_time": "2020-07-02T12:48:24.660Z", "user": 1, "content_type": 8, "object_id": "6", "object_repr": "\u4f53\u4f1a", "action_flag": 1, "change_message": "[{\"added\": {}}]"}}, {"model": "admin.logentry", "pk": 177, "fields": {"action_time": "2020-07-02T12:49:08.341Z", "user": 1, "content_type": 7, "object_id": "37", "object_repr": "<Blog: \u8bfb\u540e\u611f>", "action_flag": 1, "change_message": "[{\"added\": {}}]"}}, {"model": "admin.logentry", "pk": 178, "fields": {"action_time": "2020-07-02T12:49:43.841Z", "user": 1, "content_type": 7, "object_id": "38", "object_repr": "<Blog: \u8bfb\u4e66\u5fc3\u5f97>", "action_flag": 1, "change_message": "[{\"added\": {}}]"}}, {"model": "admin.logentry", "pk": 179, "fields": {"action_time": "2020-07-02T12:50:06.669Z", "user": 1, "content_type": 7, "object_id": "39", "object_repr": "<Blog: \u4f53\u4f1a\u4eba\u751f>", "action_flag": 1, "change_message": "[{\"added\": {}}]"}}, {"model": "admin.logentry", "pk": 180, "fields": {"action_time": "2020-07-03T04:16:14.109Z", "user": 1, "content_type": 15, "object_id": "1", "object_repr": "<Profile: \u6d9b\u6d9b for chentao>", "action_flag": 1, "change_message": "[{\"added\": {}}]"}}, {"model": "admin.logentry", "pk": 181, "fields": {"action_time": "2020-07-03T07:52:33.561Z", "user": 1, "content_type": 4, "object_id": "1", "object_repr": "chentao", "action_flag": 2, "change_message": "[{\"changed\": {\"fields\": [\"email\", \"last_login\"]}}]"}}, {"model": "admin.logentry", "pk": 182, "fields": {"action_time": "2020-07-03T08:00:33.365Z", "user": 1, "content_type": 4, "object_id": "1", "object_repr": "chentao", "action_flag": 2, "change_message": "[{\"changed\": {\"fields\": [\"email\"]}}]"}}, {"model": "admin.logentry", "pk": 183, "fields": {"action_time": "2020-07-03T12:58:00.882Z", "user": 1, "content_type": 4, "object_id": "1", "object_repr": "chentao", "action_flag": 2, "change_message": "[{\"changed\": {\"fields\": [\"email\", \"last_login\"]}}]"}}, {"model": "admin.logentry", "pk": 184, "fields": {"action_time": "2020-07-03T13:17:13.442Z", "user": 1, "content_type": 4, "object_id": "1", "object_repr": "chentao", "action_flag": 2, "change_message": "[{\"changed\": {\"fields\": [\"email\", \"last_login\"]}}]"}}, {"model": "admin.logentry", "pk": 185, "fields": {"action_time": "2020-07-04T05:36:08.708Z", "user": 1, "content_type": 4, "object_id": "3", "object_repr": "taozai", "action_flag": 2, "change_message": "[{\"changed\": {\"fields\": [\"email\", \"last_login\"]}}]"}}]